Job ID,Job URL,Job Title,Company Name,Status,Timestamp,WP ID
ae1750707b6d361c,https://kg.linkedin.com/jobs/view/preparator-at-woodruff-arts-ctr-14th-st-4431987795,Preparator,Woodruff Arts Ctr 14th St,posted,2026-07-07T00:42:45.486354,22
2b7ada0b40984c01,https://kg.linkedin.com/jobs/view/squadron-aor-supply-technician-at-general-dynamics-information-technology-4435542290,Squadron/AOR Supply Technician,General Dynamics Information Technology,posted,2026-07-07T00:42:55.720581,24
e93d8a7345833e77,https://kg.linkedin.com/jobs/view/project-manager-at-smec-an-sj-group-company-4414918557,Project Manager,SMEC (an SJ Group company),posted,2026-07-07T00:43:07.795212,26
134f4405210f4f52,https://kg.linkedin.com/jobs/view/system-administrator-ii-at-general-dynamics-information-technology-4436950734,System Administrator II,General Dynamics Information Technology,posted,2026-07-07T00:43:16.705617,28
3148d061fcf43be9,https://kg.linkedin.com/jobs/view/specialty-lines-examiner-full-time-toronto-on-canada-or-new-westminster-bc-canada-at-scm-insurance-services-4436203544,"Specialty Lines Examiner-Full-time (Toronto, ON Canada or New Westminster, BC Canada)",,scraped,2026-07-07T00:43:19.272862,
f9c55f5e4d8da117,https://kg.linkedin.com/jobs/view/chemical-specialist-launch-team-at-ball-corporation-4427078067,Chemical Specialist Launch Team,Ball Corporation,posted,2026-07-07T00:43:32.394294,30
d87bdd2b8ff0e118,https://kg.linkedin.com/jobs/view/program-manager-at-logistics-institute-of-central-asia-4433707093,Program Manager,,scraped,2026-07-07T00:43:35.034541,
48f8b0c2f49f7b88,https://kg.linkedin.com/jobs/view/et-si-l-ia-ne-d%C3%A9truisait-pas-les-emplois-mais-les-m%C3%A9tiers-%3F-at-mediadw-4437154949,"Et si l'IA ne détruisait pas les emplois, mais les métiers ?",MediaDW,posted,2026-07-07T00:43:51.927545,32
894d3eaf2106e4f9,https://kg.linkedin.com/jobs/view/igcse-ibdp-geography-teacher-at-nita-mukesh-ambani-junior-school-4435779262,IGCSE & IBDP Geography Teacher,,scraped,2026-07-07T00:43:54.524469,
0ce06d264efea8ff,https://kg.linkedin.com/jobs/view/igcse-ibdp-history-teacher-at-nita-mukesh-ambani-junior-school-4435781099,IGCSE & IBDP History Teacher,,scraped,2026-07-07T00:45:06.163761,
217909d00e132865,https://kg.linkedin.com/jobs/view/project-manager-international-at-caddell-construction-4423017304,Project Manager - International,Caddell Construction,posted,2026-07-07T00:45:21.360550,34
dbcec65211e2bcbe,https://kg.linkedin.com/jobs/view/tatar-language-expert-remote-at-yo-it-consulting-4431550960,Tatar Language Expert - Remote,,scraped,2026-07-07T00:45:23.971888,
b1ee1545ca9676ef,https://kg.linkedin.com/jobs/view/russian-qa-lead-remote-at-yo-it-consulting-4434395388,Russian QA Lead - Remote,,scraped,2026-07-07T00:45:30.196274,
8174be95cefd2004,https://kg.linkedin.com/jobs/view/packaging-process-operator-at-ab-inbev-africa-4436934449,Packaging Process Operator,,scraped,2026-07-07T00:45:36.336019,
4c2c22239fda72a8,https://kg.linkedin.com/jobs/view/technical-recruiter-international-remote-at-tubescience-4435323073,Technical Recruiter | International Remote,TubeScience,posted,2026-07-07T00:45:49.655088,36
68c5059912fe0080,https://kg.linkedin.com/jobs/view/%D0%BC%D0%B5%D0%BD%D0%B5%D0%B4%D0%B6%D0%B5%D1%80-%D0%BF%D0%BE-%D0%BF%D1%80%D0%BE%D0%B4%D0%B0%D0%B6%D0%B0%D0%BC-%D0%B8%D1%82-%D0%BA%D0%BE%D0%BC%D0%BF%D0%B0%D0%BD%D0%B8%D1%8F-%D1%80%D0%BE%D1%81%D1%82%D0%BE%D0%B2-%D0%BD%D0%B0-%D0%B4%D0%BE%D0%BD%D1%83-at-nag-4434369152,Менеджер по продажам (ИТ-компания) Ростов-на-Дону,,scraped,2026-07-07T00:45:52.118875,
a1cb166f0efa11ea,https://kg.linkedin.com/jobs/view/%D1%84%D1%83%D0%BD%D0%BA%D1%86%D0%B8%D0%BE%D0%BD%D0%B0%D0%BB%D1%8C%D0%BD%D1%8B%D0%B9-%D0%B0%D1%80%D1%85%D0%B8%D1%82%D0%B5%D0%BA%D1%82%D0%BE%D1%80-1%D1%81-%D0%B5%D1%80%D0%BF-%D0%BE%D0%BF%D0%B5%D1%80%D0%B0%D1%86%D0%B8%D0%BE%D0%BD%D0%BD%D1%8B%D0%B9-%D0%BA%D0%BE%D0%BD%D1%82%D1%83%D1%80-%D0%B5%D0%BA%D0%B0%D1%82%D0%B5%D1%80%D0%B8%D0%BD%D0%B1%D1%83%D1%80%D0%B3-at-nag-4434358623,Функциональный архитектор 1С ЕРП (операционный контур) Екатеринбург,,scraped,2026-07-07T00:45:59.715666,
eb9a3765dd52f881,https://kg.linkedin.com/jobs/view/uyghur-bilingual-expert-remote-at-yo-it-consulting-4436017638,Uyghur Bilingual Expert - Remote,,scraped,2026-07-07T00:47:10.745898,
fe80374aaccf204e,https://kg.linkedin.com/jobs/view/%D0%B8%D0%BD%D0%B6%D0%B5%D0%BD%D0%B5%D1%80-%D1%81%D0%B5%D1%80%D0%B2%D0%B5%D1%80%D0%BD%D0%BE%D0%B5-%D0%BE%D0%B1%D0%BE%D1%80%D1%83%D0%B4%D0%BE%D0%B2%D0%B0%D0%BD%D0%B8%D0%B5-%D0%B5%D0%BA%D0%B0%D1%82%D0%B5%D1%80%D0%B8%D0%BD%D0%B1%D1%83%D1%80%D0%B3-at-nag-4435783396,Инженер (серверное оборудование) Екатеринбург,,scraped,2026-07-07T00:48:20.410315,
616f523f323cea29,https://kg.linkedin.com/jobs/view/project-coordinator-software-development-at-pls-4436704438,Project Coordinator (Software Development),PLS,posted,2026-07-07T00:48:34.309400,38
4cc04a97a297b262,https://kg.linkedin.com/jobs/view/csfc-system-administrator-at-general-dynamics-information-technology-4436947824,CSfC System Administrator,General Dynamics Information Technology,posted,2026-07-07T00:48:43.528464,40
ee65c191fe6ae357,https://kg.linkedin.com/jobs/view/csfc-end-user-administrator-at-general-dynamics-information-technology-4436956352,CSfC End-User Administrator,General Dynamics Information Technology,posted,2026-07-07T00:48:53.560666,42
8e320bae09743edb,https://kg.linkedin.com/jobs/view/comsec-ekms-manager-at-general-dynamics-information-technology-4418498059,COMSEC/EKMS Manager,General Dynamics Information Technology,posted,2026-07-07T00:49:02.727960,44
291a6076c238e80e,https://kg.linkedin.com/jobs/view/inside-outside-cable-plant-technician-ii-at-general-dynamics-information-technology-4435533514,Inside/Outside Cable Plant Technician II,General Dynamics Information Technology,posted,2026-07-07T00:49:11.705871,46
6165107b72e0a201,https://kg.linkedin.com/jobs/view/igcse-ibdp-mathematics-teacher-at-nita-mukesh-ambani-junior-school-4435775321,IGCSE & IBDP Mathematics Teacher,,scraped,2026-07-07T00:49:14.627074,
0b9c6f370dc0c287,https://kg.linkedin.com/jobs/view/cds-network-systems-administrator-at-general-dynamics-information-technology-4417485467,CDS Network/Systems Administrator,General Dynamics Information Technology,posted,2026-07-07T00:50:32.877712,48
b7a145170714fdbe,https://kg.linkedin.com/jobs/view/coalition-support-service-desk-technician-at-general-dynamics-information-technology-4436198583,Coalition Support Service Desk Technician,General Dynamics Information Technology,posted,2026-07-07T00:50:42.799391,50
47b51db51ca00494,https://kg.linkedin.com/jobs/view/igcse-ibdp-chemistry-teacher-at-nita-mukesh-ambani-junior-school-4435761876,IGCSE & IBDP Chemistry Teacher,,scraped,2026-07-07T00:50:45.348642,
c0198a141951332d,https://kg.linkedin.com/jobs/view/igcse-ibdp-biology-teacher-at-nita-mukesh-ambani-junior-school-4435761877,IGCSE & IBDP Biology Teacher,,scraped,2026-07-07T00:50:52.590749,
cd20b3f5b95d0748,https://kg.linkedin.com/jobs/view/affiliate-relationship-manager-cis-at-binance-4415936070,Affiliate Relationship Manager - CIS,Binance,posted,2026-07-07T00:51:06.468446,52
8a43be240d9a9f55,https://kg.linkedin.com/jobs/view/software-engineer-junior-at-iron-eaglex-inc-4418421346,Software Engineer-Junior,"Iron EagleX, Inc.",posted,2026-07-07T00:51:15.602151,54
512502c7a5d53dbf,https://kg.linkedin.com/jobs/view/remote-oromo-interpreter-at-language-services-associates-4426009010,Remote Oromo Interpreter,Language Services Associates,posted,2026-07-07T00:51:25.102877,56
317b232bc1226f32,https://kg.linkedin.com/jobs/view/kyrgyz-speaking-translator-at-xm-4432339240,Kyrgyz-Speaking Translator,XM,posted,2026-07-07T00:52:42.627802,58
bf357965fb7aa6de,https://kg.linkedin.com/jobs/view/software-engineer-junior-at-iron-eaglex-inc-4416253558,Software Engineer-Junior,"Iron EagleX, Inc.",scraped,2026-07-07T00:52:46.878547,
7b7bd7821dbc30f7,https://kg.linkedin.com/jobs/view/growth-campaign-manager-cis-at-binance-4434682690,Growth Campaign Manager - CIS,Binance,posted,2026-07-07T00:52:56.648680,60
55a99fc8907e7d9d,https://kg.linkedin.com/jobs/view/senior-training-and-capacity-development-expert-at-ntu-international-a-s-4434970724,Senior Training and Capacity Development Expert,,scraped,2026-07-07T00:52:59.217665,
995384cc2bae0d1a,https://kg.linkedin.com/jobs/view/international-remote-yupik-interpreter-at-language-services-associates-4426103768,International Remote Yupik Interpreter,Language Services Associates,posted,2026-07-07T00:53:12.563421,62
4aa53d9f9af94d6e,https://kg.linkedin.com/jobs/view/regional-growth-manager-cis-at-binance-4434690249,Regional Growth Manager - CIS,Binance,posted,2026-07-07T00:53:20.826680,64
97c7369b0da2ea41,https://kg.linkedin.com/jobs/view/international-remote-kizigua-interpreter-at-language-services-associates-4425856175,International Remote Kizigua Interpreter,Language Services Associates,posted,2026-07-07T00:53:29.570125,66
bda633cb22d81b91,https://kg.linkedin.com/jobs/view/senior-growth-manager-cis-at-binance-4434690250,Senior Growth Manager - CIS,Binance,posted,2026-07-07T00:53:38.095013,68
5db57b46e0d69807,https://kg.linkedin.com/jobs/view/lead-data-engineer-with-terraform-at-epam-systems-4433946521,Lead Data Engineer with Terraform,EPAM Systems,posted,2026-07-07T00:53:46.823652,70
5eed8b28a357c512,https://kg.linkedin.com/jobs/view/lead-azure-engineer-at-epam-systems-4398256469,Lead Azure Engineer,EPAM Systems,posted,2026-07-07T00:53:54.779420,72
170b9a5fe08b50f4,https://kg.linkedin.com/jobs/view/%D0%B8%D0%BD%D0%B6%D0%B5%D0%BD%D0%B5%D1%80-%D0%BF%D1%80%D0%BE%D0%B5%D0%BA%D1%82%D0%B8%D1%80%D0%BE%D0%B2%D1%89%D0%B8%D0%BA-%D0%B0%D1%81%D1%83-%D1%82%D0%BF-%D0%B5%D0%BA%D0%B0%D1%82%D0%B5%D1%80%D0%B8%D0%BD%D0%B1%D1%83%D1%80%D0%B3-at-nag-4434372118,Инженер-проектировщик АСУ ТП Екатеринбург,,scraped,2026-07-07T00:53:57.211828,
81877e911d952e89,https://kg.linkedin.com/jobs/view/senior-dynamics-crm-developer-voc-at-epam-systems-4411580872,Senior Dynamics CRM Developer (VoC),EPAM Systems,posted,2026-07-07T00:54:10.406438,74
ffaf298d2a0a80b0,https://kg.linkedin.com/jobs/view/claims-representative-remote-anywhere-in-the-us-st-louis-mo-at-scm-insurance-services-4436209330,"Claims Representative - Remote (anywhere in the US) - St Louis, MO",,scraped,2026-07-07T00:54:13.001338,
2112d9b6a4157bfd,https://kg.linkedin.com/jobs/view/lead-devops-engineer-jenkins-scaling-at-epam-systems-4431903991,Lead DevOps Engineer - Jenkins Scaling,EPAM Systems,posted,2026-07-07T00:54:24.506711,76
7780b8330b372eb0,https://kg.linkedin.com/jobs/view/lead-full-stack-engineer-ai-driven-systems-at-epam-systems-4402493046,Lead Full-Stack Engineer (AI-Driven Systems),EPAM Systems,posted,2026-07-07T00:54:32.585028,78
5ddeab496c4c7566,https://kg.linkedin.com/jobs/view/senior-data-engineer-ai-at-epam-systems-4421167271,"Senior Data Engineer, AI",EPAM Systems,posted,2026-07-07T00:54:40.732615,80
cb7aebb4dcf4e325,https://kg.linkedin.com/jobs/view/senior-data-engineer-ai-at-epam-systems-4421153396,"Senior Data Engineer, AI",EPAM Systems,scraped,2026-07-07T00:54:44.928817,
c0357be4bb2156f8,https://kg.linkedin.com/jobs/view/senior-sapui5-btp-developer-relocation-to-cyprus-at-epam-systems-4355716805,Senior SAPUI5/BTP Developer (relocation to Cyprus),EPAM Systems,posted,2026-07-07T00:54:52.452480,82
884166560d1431fe,https://kg.linkedin.com/jobs/view/international-audio-video-remote-indonesian-and-bahasa-interpreter-at-language-services-associates-4426007040,International Audio/Video Remote Indonesian and Bahasa Interpreter,Language Services Associates,posted,2026-07-07T00:55:00.848592,84
b9992ce6d0edb112,https://kg.linkedin.com/jobs/view/software-functional-testing-intern-at-epam-lab-at-epam-systems-4359502624,Software Functional Testing Intern at EPAM Lab,EPAM Systems,posted,2026-07-07T00:55:09.754232,86
bc7a18d04be73893,https://kg.linkedin.com/jobs/view/international-audio-video-remote-russian-interpreter-at-language-services-associates-4406900757,International Audio/Video Remote Russian Interpreter,Language Services Associates,posted,2026-07-07T00:55:18.812411,88
801f3e1833b8504a,https://kg.linkedin.com/jobs/view/international-audio-video-remote-burmese-and-karen-interpreter-at-language-services-associates-4434629749,International Audio/Video Remote Burmese and Karen Interpreter,Language Services Associates,posted,2026-07-07T00:55:27.793616,90
ffff2127353b2b24,https://kg.linkedin.com/jobs/view/remote-shanghainese-interpreter-at-language-services-associates-4425898886,Remote Shanghainese Interpreter,Language Services Associates,posted,2026-07-07T00:55:36.508301,92
73f4abaabbb877b8,https://kg.linkedin.com/jobs/view/international-audio-video-remote-toisan-and-mandarin-or-cantonese-interpreter-at-language-services-associates-4426007039,International Audio/Video Remote Toisan and Mandarin or Cantonese Interpreter,Language Services Associates,posted,2026-07-07T00:55:45.336943,94
ef1e6cdcc4448db4,https://kg.linkedin.com/jobs/view/software-functional-testing-intern-at-epam-lab-at-epam-systems-4357993498,Software Functional Testing Intern at EPAM Lab,EPAM Systems,posted,2026-07-07T00:55:49.892545,86
9b011efa60208dc5,https://kg.linkedin.com/jobs/view/software-functional-testing-intern-at-epam-lab-at-epam-systems-4358042649,Software Functional Testing Intern at EPAM Lab,EPAM Systems,posted,2026-07-07T00:55:54.388049,86
9dc1dcfff85db485,https://kg.linkedin.com/jobs/view/international-audio-video-remote-haitian-creole-interpreter-at-language-services-associates-4406901662,International Audio/Video Remote Haitian Creole Interpreter,Language Services Associates,posted,2026-07-07T00:56:03.102987,96
ff9a4b5a3f57b3a5,https://kg.linkedin.com/jobs/view/remote-finnish-interpreter-at-language-services-associates-4426007037,Remote Finnish Interpreter,Language Services Associates,posted,2026-07-07T00:56:12.248952,98
da76aadbf47e956e,https://kg.linkedin.com/jobs/view/senior-aws-cloud-devops-engineer-at-epam-systems-4398267281,Senior AWS Cloud DevOps Engineer,EPAM Systems,posted,2026-07-07T00:56:20.075425,100
aa5c5ebc20a2b24f,https://kg.linkedin.com/jobs/view/senior-site-reliability-engineer-at-epam-systems-4398256020,Senior Site Reliability Engineer,EPAM Systems,posted,2026-07-07T00:56:27.404591,102
2f7549f6412f38f6,https://kg.linkedin.com/jobs/view/international-audio-video-remote-karen-and-thai-interpreter-at-language-services-associates-4434641133,International Audio/Video Remote Karen and Thai Interpreter,Language Services Associates,posted,2026-07-07T00:56:36.095237,104
d5aea418ad4c830d,https://kg.linkedin.com/jobs/view/remote-portuguese-creole-interpreter-at-language-services-associates-4425896851,Remote Portuguese Creole Interpreter,Language Services Associates,posted,2026-07-07T00:56:44.517886,106
c2bb1b34703715d6,https://kg.linkedin.com/jobs/view/remote-ewe-interpreter-at-language-services-associates-4425888910,Remote Ewe Interpreter,Language Services Associates,posted,2026-07-07T00:56:52.564810,108
2dc7d24cdf16011d,https://kg.linkedin.com/jobs/view/funded-traineeship-for-young-graduates-at-the-eu-delegation-to-the-kyrgyz-republic-ppi-section-at-eubam-libya-4437132100,Funded traineeship for young graduates at the EU Delegation to the Kyrgyz Republic - PPI Section,,scraped,2026-07-07T12:21:00.847885,
99d43cf6b2a86bac,https://kg.linkedin.com/jobs/view/senior-medical-secretary-upper-gi-respiratory-at-lister-fertility-clinic-4436268085,Senior Medical Secretary - Upper GI & Respiratory,,scraped,2026-07-07T12:21:07.651284,
ccebaa808416af12,https://kg.linkedin.com/jobs/view/%D1%80%D1%83%D0%BA%D0%BE%D0%B2%D0%BE%D0%B4%D0%B8%D1%82%D0%B5%D0%BB%D1%8C-%D1%80%D0%B0%D0%B1%D0%BE%D1%82-%D0%BF%D1%80%D0%BE%D1%80%D0%B0%D0%B1-%D0%B5%D0%BA%D0%B0%D1%82%D0%B5%D1%80%D0%B8%D0%BD%D0%B1%D1%83%D1%80%D0%B3-at-nag-4434364277,Руководитель работ (прораб) Екатеринбург,,scraped,2026-07-07T12:21:15.620547,
d3669512d89124b8,https://kg.linkedin.com/jobs/view/%D0%BC%D0%B5%D0%BD%D0%B5%D0%B4%D0%B6%D0%B5%D1%80-%D0%BF%D0%BE-%D0%BE%D0%B1%D1%83%D1%87%D0%B5%D0%BD%D0%B8%D1%8E-%D0%B8-%D1%80%D0%B0%D0%B7%D0%B2%D0%B8%D1%82%D0%B8%D1%8E-%D0%BF%D0%B5%D1%80%D1%81%D0%BE%D0%BD%D0%B0%D0%BB%D0%B0-%D0%B5%D0%BA%D0%B0%D1%82%D0%B5%D1%80%D0%B8%D0%BD%D0%B1%D1%83%D1%80%D0%B3-at-nag-4434368143,Менеджер по обучению и развитию персонала Екатеринбург,,scraped,2026-07-07T12:21:23.598395,
ff67fbf0f809ec04,https://kg.linkedin.com/jobs/view/international-students-at-middle-georgia-state-university-school-of-computing-4434368558,International Students,Middle Georgia State University School of Computing,posted,2026-07-07T12:21:45.004946,110
cf3b5e267a0ef64b,https://kg.linkedin.com/jobs/view/%D0%BC%D0%B5%D0%BD%D0%B5%D0%B4%D0%B6%D0%B5%D1%80-%D0%BF%D0%BE-%D0%BF%D1%80%D0%BE%D0%B4%D1%83%D0%BA%D1%82%D1%83-%D1%82%D0%B5%D0%BB%D0%B5%D0%BA%D0%BE%D0%BC-%D0%BE%D0%B1%D0%BE%D1%80%D1%83%D0%B4%D0%BE%D0%B2%D0%B0%D0%BD%D0%B8%D0%B5-%D0%B5%D0%BA%D0%B0%D1%82%D0%B5%D1%80%D0%B8%D0%BD%D0%B1%D1%83%D1%80%D0%B3-at-nag-4434370121,Менеджер по продукту (телеком-оборудование) Екатеринбург,,scraped,2026-07-07T12:21:47.479079,
be16bade9269126c,https://kg.linkedin.com/jobs/view/%D1%80%D1%83%D0%BA%D0%BE%D0%B2%D0%BE%D0%B4%D0%B8%D1%82%D0%B5%D0%BB%D1%8C-%D0%BE%D1%82%D0%B4%D0%B5%D0%BB%D0%B0-%D0%BF%D0%BE-%D0%B8%D0%BD%D0%B6%D0%B5%D0%BD%D0%B5%D1%80%D0%BD%D1%8B%D0%BC-%D1%81%D0%B8%D1%81%D1%82%D0%B5%D0%BC%D0%B0%D0%BC-%D1%86%D0%BE%D0%B4-%D0%B5%D0%BA%D0%B0%D1%82%D0%B5%D1%80%D0%B8%D0%BD%D0%B1%D1%83%D1%80%D0%B3-at-nag-4434354761,Руководитель отдела по инженерным системам ЦОД Екатеринбург,,scraped,2026-07-07T12:21:55.102206,
2708771871169f60,https://kg.linkedin.com/jobs/view/%D1%80%D1%83%D0%BA%D0%BE%D0%B2%D0%BE%D0%B4%D0%B8%D1%82%D0%B5%D0%BB%D1%8C-%D0%BE%D1%82%D0%B4%D0%B5%D0%BB%D0%B0-%D0%BF%D1%80%D0%BE%D0%B5%D0%BA%D1%82%D0%B8%D1%80%D0%BE%D0%B2%D0%B0%D0%BD%D0%B8%D1%8F-%D0%B8%D0%BD%D0%B6%D0%B5%D0%BD%D0%B5%D1%80%D0%BD%D1%8B%D1%85-%D1%81%D0%B8%D1%81%D1%82%D0%B5%D0%BC-%D0%B5%D0%BA%D0%B0%D1%82%D0%B5%D1%80%D0%B8%D0%BD%D0%B1%D1%83%D1%80%D0%B3-at-nag-4434375067,Руководитель отдела проектирования инженерных систем Екатеринбург,,scraped,2026-07-07T12:22:02.870043,
6afec1d7a2b2bbb4,https://kg.linkedin.com/jobs/view/%D0%BC%D0%B5%D0%BD%D0%B5%D0%B4%D0%B6%D0%B5%D1%80-%D0%BF%D0%BE-%D1%80%D0%B0%D0%B1%D0%BE%D1%82%D0%B5-%D1%81-%D0%BA%D0%BB%D1%8E%D1%87%D0%B5%D0%B2%D1%8B%D0%BC%D0%B8-%D0%BA%D0%BB%D0%B8%D0%B5%D0%BD%D1%82%D0%B0%D0%BC%D0%B8-%D0%B5%D0%BA%D0%B0%D1%82%D0%B5%D1%80%D0%B8%D0%BD%D0%B1%D1%83%D1%80%D0%B3-at-nag-4434351868,Менеджер по работе с ключевыми клиентами Екатеринбург,,scraped,2026-07-07T12:22:11.052234,
1924ec7662363ae2,https://kg.linkedin.com/jobs/view/%D0%B8%D0%BD%D0%B6%D0%B5%D0%BD%D0%B5%D1%80-%D0%BF%D1%80%D0%BE%D0%B5%D0%BA%D1%82%D0%B8%D1%80%D0%BE%D0%B2%D1%89%D0%B8%D0%BA-%D0%B5%D0%BA%D0%B0%D1%82%D0%B5%D1%80%D0%B8%D0%BD%D0%B1%D1%83%D1%80%D0%B3-at-nag-4434361319,Инженер-проектировщик Екатеринбург,,scraped,2026-07-07T12:22:18.914006,
086c4faeeabc1f70,https://kg.linkedin.com/jobs/view/supply-chain-head-at-antal-international-4436727134,Supply chain head,,scraped,2026-07-07T12:22:27.295554,
bf1717b6649800de,https://kg.linkedin.com/jobs/view/senior-value-chain-development-expert-at-ntu-international-a-s-4436376756,Senior Value Chain Development Expert,,scraped,2026-07-07T12:22:33.594325,
20b98ca62e545ddd,https://kg.linkedin.com/jobs/view/sales-manager-at-muk-4436050417,Sales Manager,,scraped,2026-07-07T12:22:40.806450,
2a87313683a29d08,https://kg.linkedin.com/jobs/view/field-sales-manager-%E2%80%93-medior-%E2%80%93-international-at-leadfabric-4436973687,Field Sales Manager – Medior – International,,scraped,2026-07-07T12:22:48.530038,
4cfd1d4966a3d33d,https://kg.linkedin.com/jobs/view/fraud-operations-analyst-tuesday%E2%80%93saturday-at-nsure-ai-4437166637,Fraud Operations Analyst | Tuesday–Saturday,nSure.ai,posted,2026-07-07T12:23:07.307079,112
fabd34ee38ac8d29,https://kg.linkedin.com/jobs/view/middle-python-developer-at-reviro-io-4433911690,Middle Python Developer,Reviro.io,posted,2026-07-07T12:23:22.332138,114
8aad397283b4e056,https://kg.linkedin.com/jobs/view/lead-sap-fico-consultant-at-epam-systems-4363247294,Lead SAP FICO Consultant,EPAM Systems,posted,2026-07-07T12:23:29.985457,116
6b7ca29ddd16ee65,https://kg.linkedin.com/jobs/view/project-manager-warehouse-automation-robotics-at-michael-page-4437760300,Project Manager - Warehouse Automation / Robotics,Michael Page,posted,2026-07-07T12:23:41.263709,118
d6829a0f3d81b068,https://kg.linkedin.com/jobs/view/senior-climate-adaptation-expert-at-ntu-international-a-s-4435105491,Senior Climate Adaptation Expert,,scraped,2026-07-07T12:23:43.995846,
14b04dbe0ada7b7b,https://kg.linkedin.com/jobs/view/%D0%BC%D0%B5%D0%BD%D0%B5%D0%B4%D0%B6%D0%B5%D1%80-%D0%BF%D0%BE-%D0%BF%D1%80%D0%BE%D0%B4%D0%B0%D0%B6%D0%B0%D0%BC-at-freedom-broker-kyrgyzstan-4434517609,Менеджер по продажам,,scraped,2026-07-07T12:23:51.245995,
a02ecdee4b5cf298,https://kg.linkedin.com/jobs/view/resident-doctor-haem-onc-at-lister-fertility-clinic-4436259454,Resident Doctor Haem/Onc,,scraped,2026-07-07T12:23:58.196351,
af7887d6279a52b3,https://kg.linkedin.com/jobs/view/soziale-arbeit-mit-schwerpunkt-sport-naher-osten-%E2%80%A2-sozialwesen-at-coworkers-4432715430,Soziale Arbeit mit Schwerpunkt Sport - Naher Osten • Sozialwesen,,scraped,2026-07-07T12:24:08.058540,
9a743ba05a62986c,https://kg.linkedin.com/jobs/view/business-developer-solutions-chimiques-et-environnementales-at-page-personnel-4433701114,Business Developer - Solutions Chimiques et Environnementales,,scraped,2026-07-07T12:24:16.541337,
155711c264bf7f51,https://kg.linkedin.com/jobs/view/mtc-k-network-administrator-%E2%80%93-secret-clearance-required-at-general-dynamics-information-technology-4436103507,MTC-K Network Administrator – SECRET Clearance Required,General Dynamics Information Technology,posted,2026-07-07T12:24:46.689572,120
bb71b8b8d86840f5,https://kg.linkedin.com/jobs/view/customer-service-agent-merchant-team-at-binance-4427491033,Customer Service Agent - Merchant Team,Binance,posted,2026-07-07T12:24:56.846614,122
dedede4a988f3c79,https://kg.linkedin.com/jobs/view/sap-logistics-consultant-sd-s-4hana-at-epam-systems-4418770433,"SAP Logistics Consultant SD, S/4HANA",EPAM Systems,posted,2026-07-07T12:25:07.553067,124
147d8c0b46448403,https://kg.linkedin.com/jobs/view/senior-agri-food-logistics-cold-chain-expert-at-ntu-international-a-s-4436495617,Senior Agri-Food Logistics / Cold Chain Expert,,scraped,2026-07-07T12:25:10.178098,
2ffd59e16495bf6d,https://kg.linkedin.com/jobs/view/senior-agricultural-statistics-expert-at-ntu-international-a-s-4437750979,Senior Agricultural Statistics Expert,,scraped,2026-07-07T12:25:17.394124,
ec549078541963b5,https://kg.linkedin.com/jobs/view/%D0%B2%D0%B5%D0%B4%D1%83%D1%89%D0%B8%D0%B9-%D1%81%D0%B8%D1%81%D1%82%D0%B5%D0%BC%D0%BD%D1%8B%D0%B9-%D0%B0%D0%B4%D0%BC%D0%B8%D0%BD%D0%B8%D1%81%D1%82%D1%80%D0%B0%D1%82%D0%BE%D1%80-linux-%D0%B5%D0%BA%D0%B0%D1%82%D0%B5%D1%80%D0%B8%D0%BD%D0%B1%D1%83%D1%80%D0%B3-at-nag-4435774824,Ведущий системный администратор Linux Екатеринбург,,scraped,2026-07-07T12:25:24.217296,
ac47ff1a9d40ee7c,https://kg.linkedin.com/jobs/view/sap-logistics-consultant-sd-s-4hana-at-epam-systems-4418767475,"SAP Logistics Consultant SD, S/4HANA",EPAM Systems,scraped,2026-07-07T12:25:33.675124,
2f0318d6d959e761,https://kg.linkedin.com/jobs/view/product-and-funnel-optimisation-manager-cis-at-binance-4434692221,Product and Funnel Optimisation Manager - CIS,Binance,posted,2026-07-07T12:25:44.795591,126
c0ae9713c8fa6709,https://kg.linkedin.com/jobs/view/senior-water%E2%80%93agriculture-foresight-expert-at-ntu-international-a-s-4435167449,Senior Water–Agriculture Foresight Expert,,scraped,2026-07-07T12:25:47.494894,
0448c638074af35d,https://kg.linkedin.com/jobs/view/international-audio-video-remote-soninke-and-french-or-arabic-interpreter-at-language-services-associates-4426003198,International Audio/Video Remote Soninke and French or Arabic Interpreter,Language Services Associates,posted,2026-07-07T12:26:08.128322,128
13e408f61ac5f860,https://kg.linkedin.com/jobs/view/international-audio-video-remote-armenian-interpreter-at-language-services-associates-4405044222,International Audio/Video Remote Armenian Interpreter,Language Services Associates,posted,2026-07-07T12:26:19.117398,130
f55f887c830c0cbb,https://kg.linkedin.com/jobs/view/remote-samoan-interpreter-at-language-services-associates-4425893884,Remote Samoan Interpreter,Language Services Associates,posted,2026-07-07T12:26:30.128912,132
d0eb403d4b9afa62,https://kg.linkedin.com/jobs/view/software-functional-testing-intern-at-epam-lab-at-epam-systems-4358822720,Software Functional Testing Intern at EPAM Lab,EPAM Systems,posted,2026-07-07T12:26:38.825612,86
9af861390f93a333,https://kg.linkedin.com/jobs/view/principal-net-software-engineer-at-epam-systems-4403727580,Principal .NET Software Engineer,EPAM Systems,posted,2026-07-07T12:26:46.907173,134
28ef327f8cb2a245,https://kg.linkedin.com/jobs/view/remote-quechua-interpreter-at-language-services-associates-4426001729,Remote Quechua Interpreter,Language Services Associates,posted,2026-07-07T12:27:01.264709,136
afcdba5bc1996cfd,https://kg.linkedin.com/jobs/view/remote-swedish-interpreter-at-language-services-associates-4425886968,Remote Swedish Interpreter,Language Services Associates,posted,2026-07-07T12:27:14.698767,138
2a9e2e970f24747c,https://kg.linkedin.com/jobs/view/summer-camp-teaching-artist-at-woodruff-arts-ctr-14th-st-4437706826,Summer Camp Teaching Artist,Woodruff Arts Ctr 14th St,posted,2026-07-07T12:27:24.900931,140
68c702a3fb490932,https://kg.linkedin.com/jobs/view/international-audio-video-remote-spanish-interpreter-at-language-services-associates-4368780630,International Audio/Video Remote Spanish Interpreter,Language Services Associates,posted,2026-07-07T12:27:39.170803,142
aeb4d4a1b9c4924c,https://kg.linkedin.com/jobs/view/regional-marketing-manager-at-xm-4432328660,Regional Marketing Manager,XM,posted,2026-07-07T12:27:51.038034,144
131d4c6e1764adf7,https://kg.linkedin.com/jobs/view/international-sales-%E2%80%93-food-pet-food-feed-technical-applications-at-natix-sa-4432391464,"International Sales  – Food, Pet Food, Feed & Technical applications",,scraped,2026-07-07T20:35:32.497095,
67f9b44e8b0e6caf,https://kg.linkedin.com/jobs/view/coordinator-special-events-at-woodruff-arts-ctr-14th-st-4437717603,"Coordinator, Special Events",Woodruff Arts Ctr 14th St,posted,2026-07-07T20:35:52.783461,146
b2abc4294b37f7f9,https://kg.linkedin.com/jobs/view/process-excellence-specialist-at-food-dream-x-kfc-4434523265,Process Excellence Specialist,,scraped,2026-07-07T20:35:57.373850,
37985dd13c0f271e,https://kg.linkedin.com/jobs/view/akamai-security-expert-at-epam-systems-4432781663,Akamai Security Expert,EPAM Systems,posted,2026-07-07T20:36:09.672704,148
55fdbdff70d46c78,https://kg.linkedin.com/jobs/view/%D1%85%D1%83%D0%B4%D0%BE%D0%B6%D0%BD%D0%B8%D0%BA-%D0%BF%D0%BE-%D1%84%D0%BE%D0%BD%D0%B0%D0%BC-at-rocket-fox-animation-4436861085,Художник по фонам,,scraped,2026-07-07T20:36:16.339307,
662f075d2ee74962,https://kg.linkedin.com/jobs/view/senior-survey-methodology-expert-at-ntu-international-a-s-4437832008,Senior Survey Methodology Expert,,scraped,2026-07-07T20:36:25.502521,
cf4ac24ba9e70383,https://kg.linkedin.com/jobs/view/remote-dinka-interpreter-at-language-services-associates-4425894882,Remote Dinka Interpreter,Language Services Associates,posted,2026-07-07T20:36:53.568329,150
305691a05b3abe87,https://kg.linkedin.com/jobs/view/graphic-designer-remote-%E2%80%93-latam-at-tubescience-4436448282,Graphic Designer (Remote – LATAM),TubeScience,posted,2026-07-07T20:37:08.544739,152
4c5deac8a6143f91,https://kg.linkedin.com/jobs/view/ghostwriter-creative-text%E2%80%93-international-at-egnatia-4436354011,Ghostwriter creative text– International,,scraped,2026-07-07T20:37:13.180567,
3fd7e1a623267805,https://kg.linkedin.com/jobs/view/t%C3%A9l%C3%A9travail-expert-en-sinistres-temps-plein-montr%C3%A9al-qu%C3%A9bec-canada-at-scm-insurance-services-4436217042,"(Télétravail) Expert en sinistres - Temps plein (Montréal, Québec Canada)",SCM Insurance Services,posted,2026-07-07T20:38:19.682754,154
533e9d0048652871,https://kg.linkedin.com/jobs/view/fires-sr-systems-engineer-ottawa-at-general-dynamics-information-technology-4436703365,Fires Sr. Systems Engineer- Ottawa,General Dynamics Information Technology,posted,2026-07-07T20:38:32.302887,156
0dca43eebfa063c2,https://kg.linkedin.com/jobs/view/generator-and-hvac-mechanic-%E2%80%93-swa-at-general-dynamics-information-technology-4409178258,Generator and HVAC Mechanic – SWA,General Dynamics Information Technology,posted,2026-07-07T20:38:44.624510,158
8cb1649a03d63446,https://kg.linkedin.com/jobs/view/budget-administrative-assistant-at-general-dynamics-information-technology-4409171341,Budget/Administrative Assistant,General Dynamics Information Technology,posted,2026-07-07T20:39:13.888168,160
99195008a0318cf2,https://kg.linkedin.com/jobs/view/international-audio-video-remote-falam-interpreter-at-language-services-associates-4426003196,International Audio/Video Remote Falam Interpreter,Language Services Associates,posted,2026-07-07T20:39:35.543203,162
7e68965e95853422,https://kg.linkedin.com/jobs/view/international-audio-video-remote-georgian-interpreter-at-language-services-associates-4425897878,International Audio/Video Remote Georgian Interpreter,Language Services Associates,posted,2026-07-07T20:39:50.165595,164
2fd0904c6e218756,https://kg.linkedin.com/jobs/view/senior-data-engineer-with-java-apache-spark-at-epam-systems-4432384778,"Senior Data Engineer with Java, Apache Spark",EPAM Systems,posted,2026-07-07T20:39:57.491393,166
0d9e8ddd45ccba43,https://kg.linkedin.com/jobs/view/international-audio-video-remote-fuzhou-interpreter-at-language-services-associates-4321781400,International Audio/Video Remote Fuzhou Interpreter,Language Services Associates,posted,2026-07-07T20:40:10.050263,168
e914693780835635,https://kg.linkedin.com/jobs/view/g4s-s%C3%B8ger-fastvagt-i-odense-at-g4s-4437708779,G4S søger Fastvagt i Odense,,scraped,2026-07-07T20:40:18.653057,
67b7ccf3ede83753,https://kg.linkedin.com/jobs/view/senior-sap-fico-consultant-at-epam-systems-4364131244,Senior SAP FICO Consultant,EPAM Systems,posted,2026-07-07T20:40:39.979362,170
3d69032c298eb86f,https://kg.linkedin.com/jobs/view/land-mobile-radio-lmr-technician-ii-at-general-dynamics-information-technology-4418485822,Land Mobile Radio (LMR) Technician II,General Dynamics Information Technology,posted,2026-07-07T20:40:52.378014,172
8419c4e4306e509b,https://kg.linkedin.com/jobs/view/fires-systems-engineer-ottawa-at-general-dynamics-information-technology-4436711088,Fires Systems Engineer-Ottawa,General Dynamics Information Technology,posted,2026-07-07T20:41:12.294750,174
7c88e540e26f3ab9,https://kg.linkedin.com/jobs/view/senior-sap-cap-node-js-developer-at-epam-systems-4433912678,Senior SAP CAP Node.js Developer,EPAM Systems,posted,2026-07-07T20:41:28.298543,176
1fc090adf4c8e25d,https://kg.linkedin.com/jobs/view/account-manager-english-c1%E2%80%93c2-us-eu-clients-it-digital-at-admade-us-4432786980,Account Manager | English C1–C2 | US & EU clients | IT / Digital,ADMADE.US,posted,2026-07-08T07:21:37.828334,188
0a73371b4a7a5db9,https://kg.linkedin.com/jobs/view/full-time-hybrid-desktop-adjuster-property-claims-examiner-anywhere-in-canada-at-scm-insurance-services-4436212142,(Full-time/Hybrid) Desktop Adjuster / Property Claims Examiner (Anywhere in Canada),SCM Insurance Services,posted,2026-07-08T07:22:49.324502,190
67283dae6c833051,https://kg.linkedin.com/jobs/view/it-desktop-support-key-staff-at-ch-group-4066365585,IT Desktop Support Key Staff,,scraped,2026-07-08T07:22:51.904836,
3a5a8c573df84312,https://kg.linkedin.com/jobs/view/financial-controller-based-in-bangi-at-michael-page-4437796920,Financial Controller (Based in Bangi),Michael Page,posted,2026-07-08T07:23:35.846649,192
c2594d56ae7051b5,https://kg.linkedin.com/jobs/view/sap-logistics-consultant-sd-s-4hana-at-epam-systems-4418773415,"SAP Logistics Consultant SD, S/4HANA",EPAM Systems,posted,2026-07-08T07:24:06.331839,124
2346d451cc0b6834,https://kg.linkedin.com/jobs/view/hr-operations-specialist-financial-services-mnc-at-michael-page-4437805483,HR Operations Specialist - Financial Services MNC,Michael Page,posted,2026-07-08T07:24:28.175393,194
d1059d555af33310,https://kg.linkedin.com/jobs/view/chief-sap-fico-consultant-at-epam-systems-4364131255,Chief SAP FICO Consultant,EPAM Systems,posted,2026-07-08T07:24:44.426148,196
d497550c111e94d7,https://kg.linkedin.com/jobs/view/cds-network-engineer-at-general-dynamics-information-technology-4417498128,CDS Network Engineer,General Dynamics Information Technology,posted,2026-07-08T07:24:58.961390,198
5a82d40ada0830f9,https://kg.linkedin.com/jobs/view/liability-claims-examiner-remote-anywhere-in-the-us-little-rock-ar-at-scm-insurance-services-4436212144,"Liability Claims Examiner - Remote (anywhere in the US) Little Rock, AR",SCM Insurance Services,posted,2026-07-08T07:25:50.751799,200
6f7400efc495e00f,https://kg.linkedin.com/jobs/view/senior-land-management-rangeland-expert-at-ntu-international-a-s-4435818107,Senior Land Management / Rangeland Expert,,scraped,2026-07-08T07:25:53.329859,
bd99bb8ec2b7615e,https://kg.linkedin.com/jobs/view/jbc-p-mmc-s-software-support-representative-amman-jordan-secret-clearance-at-general-dynamics-information-technology-4416095485,"JBC-P/MMC-S Software Support Representative, Amman, Jordan (Secret Clearance)",General Dynamics Information Technology,posted,2026-07-08T07:26:12.645765,202
532331315113fab4,https://kg.linkedin.com/jobs/view/information-technology-assurance-it-ia-specialist-ill-lakenheath-uk-at-general-dynamics-information-technology-4416408692,"Information Technology/Assurance (IT/IA) Specialist Ill - Lakenheath, UK",General Dynamics Information Technology,posted,2026-07-08T07:26:25.457212,204
6cd5148a50617628,https://kg.linkedin.com/jobs/view/international-audio-video-remote-kurdish-and-arabic-or-persian-interpreter-at-language-services-associates-4426002498,International Audio/Video Remote Kurdish and Arabic or Persian Interpreter,Language Services Associates,posted,2026-07-08T07:26:43.444055,206
7c1af776de3cf17b,https://kg.linkedin.com/jobs/view/software-functional-testing-intern-at-epam-lab-at-epam-systems-4358002722,Software Functional Testing Intern at EPAM Lab,EPAM Systems,posted,2026-07-08T07:26:57.467225,86
67be6b4e495bdba6,https://kg.linkedin.com/jobs/view/international-audio-video-remote-hakha-chin-interpreter-at-language-services-associates-4425893883,International Audio/Video Remote Hakha Chin Interpreter,Language Services Associates,posted,2026-07-08T07:27:20.277118,208
4c6794b0e7ab738f,https://kg.linkedin.com/jobs/view/international-audio-video-remote-kunama-interpreter-must-also-speak-tigrinya-or-arabic-at-language-services-associates-4425893885,International Audio/Video Remote Kunama Interpreter (Must also speak Tigrinya or Arabic),Language Services Associates,posted,2026-07-08T07:27:35.433065,210
f368bf7696bc5ae6,https://kg.linkedin.com/jobs/view/international-audio-video-remote-mandarin-interpreter-at-language-services-associates-4406598786,International Audio/Video Remote Mandarin Interpreter,Language Services Associates,posted,2026-07-08T07:27:45.194227,212
a1f2b911fbfbfdae,https://kg.linkedin.com/jobs/view/international-audio-video-remote-vietnamese-interpreter-at-language-services-associates-4406598785,International Audio/Video Remote Vietnamese Interpreter,Language Services Associates,posted,2026-07-08T07:27:56.968618,214
9fa820cdc6f90df1,https://kg.linkedin.com/jobs/view/g4s-s%C3%B8ger-sikkerhedsvagter-til-patrulje-afdelingerne-p%C3%A5-fyn-og-syddanmark-at-g4s-4437707866,G4S søger Sikkerhedsvagter til Patrulje Afdelingerne på Fyn og Syddanmark,,scraped,2026-07-08T07:28:01.511543,
6268faa63d1e4a11,https://kg.linkedin.com/jobs/view/analyst-paid-social-at-tubescience-4298287934,Analyst (Paid Social),TubeScience,posted,2026-07-08T15:56:03.298461,216
eadc5b6dc2db41d6,https://kg.linkedin.com/jobs/view/%D0%B4%D0%B8%D1%80%D0%B5%D0%BA%D1%82%D0%BE%D1%80-%D0%BF%D1%80%D0%B5%D0%B4%D1%81%D1%82%D0%B0%D0%B2%D0%B8%D1%82%D0%B5%D0%BB%D1%8C%D1%81%D1%82%D0%B2%D0%B0-at-antal-international-4438217848,Директор представительства,,scraped,2026-07-08T15:56:13.916334,
6748705d4ddd7551,https://kg.linkedin.com/jobs/view/technical-product-owner-at-epam-systems-4434840370,Technical Product Owner,EPAM Systems,posted,2026-07-08T15:56:29.817942,218
3cfe91adf0a8b118,https://kg.linkedin.com/jobs/view/azure-systems-architect-at-epam-systems-4356321663,Azure Systems Architect,EPAM Systems,posted,2026-07-08T15:56:54.384237,220
7285618687e7a95c,https://kg.linkedin.com/jobs/view/senior-agricultural-insurance-and-rural-finance-expert-at-ntu-international-a-s-4436197811,Senior Agricultural Insurance and Rural Finance Expert,,scraped,2026-07-08T15:56:58.948770,
fc942699329fa0df,https://kg.linkedin.com/jobs/view/epp-iii-patriot-missile-generator-rebuild-and-hvac-technician-%E2%80%93-kuwait-at-general-dynamics-information-technology-4408046201,EPP III Patriot Missile Generator Rebuild and HVAC Technician – Kuwait,General Dynamics Information Technology,posted,2026-07-08T15:57:13.157802,222
b6d3d847fe3abf0b,https://kg.linkedin.com/jobs/view/senior-sap-mdg-consultant-at-epam-systems-4385466292,Senior SAP MDG Consultant,EPAM Systems,posted,2026-07-08T15:57:21.142185,224
2de0bdd7becc45ac,https://kg.linkedin.com/jobs/view/lead-data-engineer-ai-at-epam-systems-4421163389,"Lead Data Engineer, AI",EPAM Systems,posted,2026-07-08T15:57:31.372883,226
e108fd61eff3cc6b,https://kg.linkedin.com/jobs/view/senior-business-analyst-with-data-focus-at-epam-systems-4434822714,Senior Business Analyst with Data Focus,EPAM Systems,posted,2026-07-08T15:57:42.734270,228
ffe9ce7cb63a7ad4,https://kg.linkedin.com/jobs/view/data-focused-project-coordinator-remote-contract-at-infuse-4437780668,"Data-Focused Project Coordinator (Remote, Contract)",INFUSE,posted,2026-07-08T20:42:25.861334,230
543c623ded95017b,https://kg.linkedin.com/jobs/view/vip-coordinator-at-neo-group-4437804053,VIP Coordinator,,scraped,2026-07-08T20:42:30.438701,
a9e51a95c674b468,https://kg.linkedin.com/jobs/view/packaging-electrician-at-ab-inbev-africa-4436924965,Packaging Electrician,,scraped,2026-07-08T20:42:38.833751,
f5ffc528986206e1,https://kg.linkedin.com/jobs/view/sales-development-representative-eu-b2b-at-tripleten-indonesia-4433725300,Sales Development Representative EU (B2B),TripleTen Indonesia,posted,2026-07-08T20:42:59.333812,232
aa84a8f87f73aecb,https://kg.linkedin.com/jobs/view/utilities-team-leader-at-ab-inbev-africa-4438296578,Utilities Team Leader,,scraped,2026-07-08T20:43:15.917693,
da9eaad868789355,https://kg.linkedin.com/jobs/view/resident-engineer-at-smec-an-sj-group-company-4414913697,Resident Engineer,SMEC (an SJ Group company),posted,2026-07-08T20:43:40.402913,234
424d3aa238ab4af1,https://kg.linkedin.com/jobs/view/senior-python-engineer-cheminformatics-drug-discovery-at-epam-systems-4373466373,Senior Python Engineer (Cheminformatics / Drug Discovery),EPAM Systems,posted,2026-07-08T20:44:12.254198,236
49ba0d0d5423dada,https://kg.linkedin.com/jobs/view/lead-ai-python-engineer-at-epam-systems-4356539483,Lead AI Python Engineer,EPAM Systems,posted,2026-07-08T20:44:20.551592,238
3cb6ac65c9910777,https://kg.linkedin.com/jobs/view/squadron-aor-supply-technician-at-general-dynamics-information-technology-4438596837,Squadron/AOR Supply Technician,General Dynamics Information Technology,posted,2026-07-09T10:34:29.164798,24
9b8d4b2f31c383d9,https://kg.linkedin.com/jobs/view/%D0%B2%D0%B0%D0%BA%D0%B0%D0%BD%D1%81%D0%B8%D1%8F-%E2%80%94-%D0%BA%D0%BE%D0%BD%D1%81%D1%82%D1%80%D1%83%D0%BA%D1%82%D0%BE%D1%80-at-ins%21ght-4438597557,ВАКАНСИЯ — КОНСТРУКТОР,,scraped,2026-07-09T10:34:41.786823,
63539da292ce8909,https://kg.linkedin.com/jobs/view/group-chief-financial-officer-at-umai-group-4429426875,Group Chief Financial Officer,,scraped,2026-07-09T10:34:55.452996,
d3c681a38bf28bdd,https://kg.linkedin.com/jobs/view/it-desktop-support-key-staff-kyrgyzstan-at-ch-group-4066365585,IT Desktop Support Key Staff - Kyrgyzstan,,scraped,2026-07-09T10:35:01.934943,
4afd11bba2a58013,https://kg.linkedin.com/jobs/view/web3-product-marketing-manager-dex-at-improbable-4435656665,"Web3 Product Marketing Manager, DEX",,scraped,2026-07-09T10:35:10.292956,
7903af2edb183056,https://kg.linkedin.com/jobs/view/web3-product-marketing-manager-prediction-markets-at-improbable-4435648802,"Web3 Product Marketing Manager, Prediction Markets",,scraped,2026-07-09T10:35:16.632804,
62f6e5fb876c3b16,https://kg.linkedin.com/jobs/view/power-apps-developer-at-epam-systems-4408167770,Power Apps Developer,EPAM Systems,posted,2026-07-09T10:35:33.198187,240
098f77dbc56846bf,https://kg.linkedin.com/jobs/view/video-editor-motion-graphics-designer-latam-at-tubescience-4438276547,Video Editor & Motion Graphics Designer LATAM,TubeScience,posted,2026-07-09T10:35:47.888931,242
dd2d5c03621342cf,https://kg.linkedin.com/jobs/view/nutanix-engineer-at-itproposal-4438512222,Nutanix Engineer,,scraped,2026-07-09T10:35:56.487848,
67a6c78d7eeaaff5,https://kg.linkedin.com/jobs/view/marketing-intern-at-agrocorp-international-4438621245,Marketing Intern,,scraped,2026-07-09T10:36:06.387480,
3fe395850576eab7,https://kg.linkedin.com/jobs/view/systems-administrator-at-general-dynamics-information-technology-4430134427,Systems Administrator,General Dynamics Information Technology,posted,2026-07-09T10:36:20.542401,244
89da75fb380a686c,https://kg.linkedin.com/jobs/view/consumer-trade-programs-effectiveness-specialist-kg-at-jti-4403618443,"Consumer & Trade programs effectiveness specialist, KG",JTI,posted,2026-07-09T10:36:41.380975,246
afbcab458cecda61,https://kg.linkedin.com/jobs/view/senior-software-testing-engineer-sap-testing-at-epam-systems-4412871836,Senior Software Testing Engineer (SAP Testing),EPAM Systems,posted,2026-07-09T10:36:49.125213,248
4a6632dfdd95b85d,https://kg.linkedin.com/jobs/view/data-architect-at-epam-systems-4422254799,Data Architect,EPAM Systems,posted,2026-07-09T10:37:00.794685,250
f69381e0b0c3f11c,https://kg.linkedin.com/jobs/view/senior-data-engineer-with-terraform-at-epam-systems-4433945608,Senior Data Engineer with Terraform,EPAM Systems,posted,2026-07-09T10:37:12.418095,252
b3b478434d806f09,https://kg.linkedin.com/jobs/view/senior-ai-engineer-agentic-and-rag-systems-at-epam-systems-4421954698,"Senior AI Engineer, Agentic and RAG Systems",EPAM Systems,posted,2026-07-09T10:37:21.955864,254
ee83b233b704d933,https://kg.linkedin.com/jobs/view/senior-lead-ai-engineer-architect-at-epam-systems-4398218956,Senior / Lead AI Engineer / Architect,EPAM Systems,posted,2026-07-09T10:37:30.075863,256
1adaf1594d313549,https://kg.linkedin.com/jobs/view/lead-ai-engineer-agentic-and-rag-systems-at-epam-systems-4421963661,"Lead AI Engineer, Agentic and RAG Systems",EPAM Systems,posted,2026-07-09T10:37:45.810864,258
c6189a4680f5b6c3,https://kg.linkedin.com/jobs/view/senior-sap-cap-developer-with-node-js-knowledge-relocation-to-cyprus-at-epam-systems-4378149446,Senior SAP CAP Developer with Node.js Knowledge (relocation to Cyprus),EPAM Systems,posted,2026-07-09T10:37:57.128090,260
1b76a40ce7b0af6f,https://kg.linkedin.com/jobs/view/brewing-area-manager-at-ab-inbev-africa-4438287954,Brewing Area Manager,,scraped,2026-07-09T18:37:18.380454,
3bcad61452229f88,https://kg.linkedin.com/jobs/view/projeteur-m%C3%A9thodes-international-f-h-at-b-hive-engineering-4429024238,Projeteur Méthodes - International F/H,,scraped,2026-07-09T18:37:31.121985,
5aadae5fc7332e03,https://kg.linkedin.com/jobs/view/data-architect-at-epam-systems-4422283003,Data Architect,EPAM Systems,posted,2026-07-09T18:37:41.340217,250
bba82ad1a0a68bb4,https://kg.linkedin.com/jobs/view/marketing-manager-cis-at-binance-4408986777,Marketing Manager - CIS,Binance,posted,2026-07-09T18:37:54.137905,262
885542bf135bd9ee,https://kg.linkedin.com/jobs/view/%D1%81%D0%B5%D1%80%D0%B2%D0%B8%D1%81%D0%BD%D1%8B%D0%B9-%D0%B8%D0%BD%D0%B6%D0%B5%D0%BD%D0%B5%D1%80-service-engineer-at-sandvik-4407752641,Сервисный инженер/Service engineer,,scraped,2026-07-09T18:38:00.797231,
7d2a11627ac7c1b6,https://kg.linkedin.com/jobs/view/system-analyst-%E2%80%94-payments-finance-operations-at-salmon-group-ltd-4428433297,System Analyst — Payments & Finance Operations,,scraped,2026-07-09T18:38:08.044134,
1309fff5d2557954,https://kg.linkedin.com/jobs/view/data-scientist-jr-at-iron-eaglex-inc-4438296938,Data Scientist-Jr,"Iron EagleX, Inc.",posted,2026-07-09T18:38:35.878196,264
d70eb5c44db3b01a,https://kg.linkedin.com/jobs/view/accounts-associate-at-agrocorp-international-4438615503,Accounts Associate,,scraped,2026-07-09T18:38:40.520625,
d102c380eea546f2,https://kg.linkedin.com/jobs/view/senior-business-analyst-with-hands-on-ai-expertise-at-epam-systems-4302984505,Senior Business Analyst with hands-on AI expertise,EPAM Systems,posted,2026-07-09T18:39:02.771314,266
e9350e115c16ce68,https://kg.linkedin.com/jobs/view/lead-ai-agent-developer-at-epam-systems-4421967334,Lead AI Agent Developer,EPAM Systems,posted,2026-07-09T18:39:19.167226,268
2fcd344d07b93259,https://kg.linkedin.com/jobs/view/lead-application-security-engineer-%E2%80%94-threat-vulnerability-management-ai-focus-at-epam-systems-4435650125,Lead Application Security Engineer — Threat & Vulnerability Management (AI Focus),EPAM Systems,posted,2026-07-09T18:39:33.451482,270
3010fa11db41ff5d,https://kg.linkedin.com/jobs/view/senior-security-operations-engineer-at-epam-systems-4435676767,Senior Security Operations Engineer,EPAM Systems,posted,2026-07-09T18:39:59.160261,272
d96f104f7f23de82,https://kg.linkedin.com/jobs/view/senior-ai-engineer-copilot-studio-developer-at-epam-systems-4435685314,"Senior AI Engineer, Copilot Studio Developer",EPAM Systems,posted,2026-07-09T18:40:35.700933,274
e6268ae515741d74,https://kg.linkedin.com/jobs/view/senior-ai-engineer-with-kubernetes-at-epam-systems-4435669245,Senior AI Engineer with Kubernetes,EPAM Systems,posted,2026-07-09T18:40:46.391356,276
f52443de010aa148,https://kg.linkedin.com/jobs/view/physical-security-and-information-assurance-specialist-ramstein-germany-at-general-dynamics-information-technology-4369675309,"Physical Security and Information Assurance Specialist - Ramstein, Germany",General Dynamics Information Technology,posted,2026-07-09T23:59:34.177922,278
c238800dd11332c1,https://kg.linkedin.com/jobs/view/senior-systems-administrator-australia-ts-sci-with-polygraph-at-general-dynamics-information-technology-4430114739,Senior Systems Administrator (Australia) - TS/SCI with Polygraph,General Dynamics Information Technology,posted,2026-07-09T23:59:49.115788,280
ffbfd24ee6abd76b,https://kg.linkedin.com/jobs/view/senior-systems-administrator-australia-ts-sci-with-polygraph-at-general-dynamics-information-technology-4430129533,Senior Systems Administrator (Australia) - TS/SCI with Polygraph,General Dynamics Information Technology,scraped,2026-07-09T23:59:53.128542,
05df7b3cb2e1c960,https://kg.linkedin.com/jobs/view/security-control-assessor-sca-ii-ramstein-germany-at-general-dynamics-information-technology-4328815100,"Security Control Assessor (SCA) II - Ramstein, Germany",General Dynamics Information Technology,posted,2026-07-10T00:00:22.419075,282
79ffaffa244faae5,https://kg.linkedin.com/jobs/view/international-program-advisor-at-ucf-downtown-4437981335,International Program Advisor,UCF Downtown,posted,2026-07-10T11:29:49.452038,284
f1e8ef8246d232bf,https://kg.linkedin.com/jobs/view/national-professional-officer-at-world-health-organization-4438884668,National Professional Officer,,scraped,2026-07-10T11:29:56.066934,
4ac3729485d1cad3,https://kg.linkedin.com/jobs/view/freelance-english-to-kyrgyz-subtitle-translator-at-iyuno-4437360745,Freelance English to Kyrgyz Subtitle Translator,Iyuno,posted,2026-07-10T11:30:08.423134,286
bb0ffe546fedc43b,https://kg.linkedin.com/jobs/view/%D1%81%D0%B8%D1%81%D1%82%D0%B5%D0%BC%D0%BD%D1%8B%D0%B9-%D0%B0%D0%BD%D0%B0%D0%BB%D0%B8%D1%82%D0%B8%D0%BA-1%D1%81-%D0%B5%D0%BA%D0%B0%D1%82%D0%B5%D1%80%D0%B8%D0%BD%D0%B1%D1%83%D1%80%D0%B3-%D0%B5%D0%BA%D0%B0%D1%82%D0%B5%D1%80%D0%B8%D0%BD%D0%B1%D1%83%D1%80%D0%B3-at-nag-4437986218,Системный аналитик 1С (Екатеринбург) Екатеринбург,,scraped,2026-07-10T11:30:14.908182,
8f1b41738429f4d7,https://kg.linkedin.com/jobs/view/hr-assistant-at-university-of-central-asia-4435621925,HR Assistant,University of Central Asia,posted,2026-07-10T11:30:40.086836,288
6d752d9189c36d87,https://kg.linkedin.com/jobs/view/%D0%B8%D0%BD%D0%B6%D0%B5%D0%BD%D0%B5%D1%80-%D0%BF%D1%80%D0%B5%D1%81%D0%B5%D0%B9%D0%BB-%D1%81%D0%B5%D1%82%D0%B5%D0%B2%D0%BE%D0%B5-%D1%82%D0%B5%D0%BB%D0%B5%D0%BA%D0%BE%D0%BC-%D0%BE%D0%B1%D0%BE%D1%80%D1%83%D0%B4%D0%BE%D0%B2%D0%B0%D0%BD%D0%B8%D0%B5-%D0%B5%D0%BA%D0%B0%D1%82%D0%B5%D1%80%D0%B8%D0%BD%D0%B1%D1%83%D1%80%D0%B3-at-nag-4437993022,Инженер пресейл (сетевое телеком оборудование) Екатеринбург,,scraped,2026-07-10T11:30:44.556498,
57ffefe50dfd8946,https://kg.linkedin.com/jobs/view/hybrid-senior-liability-examiner-full-time-anywhere-in-canada-at-scm-insurance-services-4437087841,(Hybrid) Senior Liability Examiner/Full-time (Anywhere in Canada),,scraped,2026-07-10T11:31:04.402364,
ef569198745d7c4d,https://kg.linkedin.com/jobs/view/data-and-ai-solution-architect-at-epam-systems-4422282248,Data and AI Solution Architect,EPAM Systems,posted,2026-07-10T11:31:46.111579,290
254538bf665285e6,https://kg.linkedin.com/jobs/view/ing%C3%A9nieur-calcul-structure-international-f-h-at-b-hive-engineering-4429027229,Ingénieur Calcul Structure - International F/H,,scraped,2026-07-10T11:31:48.863052,
a99af97f7454157e,https://kg.linkedin.com/jobs/view/generator-hvac-technician-at-general-dynamics-information-technology-4429015844,Generator HVAC Technician,General Dynamics Information Technology,posted,2026-07-10T11:32:05.266120,292
2d80027c1eda1722,https://kg.linkedin.com/jobs/view/senior-ai-engineer-at-epam-systems-4413322635,Senior AI Engineer,EPAM Systems,posted,2026-07-10T11:32:27.776797,294
6226fdfa1221db48,https://kg.linkedin.com/jobs/view/lead-ai-engineer-at-epam-systems-4413390695,Lead AI Engineer,EPAM Systems,posted,2026-07-10T11:32:38.691123,296
e18a5dd74da58657,https://kg.linkedin.com/jobs/view/generator-epp-iii-and-hvac-technician-at-general-dynamics-information-technology-4429026542,Generator/EPP III and HVAC Technician,General Dynamics Information Technology,posted,2026-07-10T11:32:56.899229,298
160d59488dfba003,https://kg.linkedin.com/jobs/view/generative-ai-systems-architect-at-epam-systems-4302958746,Generative AI Systems Architect,EPAM Systems,posted,2026-07-10T11:33:09.391784,300
7a51e45eae70a20c,https://kg.linkedin.com/jobs/view/gestionnaire-technique-en-assurances-choses-et-patrimoine-at-michael-page-4437873404,Gestionnaire Technique en assurances choses et patrimoine,Michael Page,posted,2026-07-10T11:33:24.306382,302
4c320fc90731bad2,https://kg.linkedin.com/jobs/view/hr-executive-1-year-mandarin-speaker-at-michael-page-4439017716,HR Executive - 1 year (Mandarin Speaker),Michael Page,posted,2026-07-10T11:33:42.661601,304
9c7605ad81385cc1,https://kg.linkedin.com/jobs/view/werkvoorbereider-at-cleanroom-systems-international-4439050975,Werkvoorbereider,,scraped,2026-07-10T18:13:23.429130,
439ebe2fb801fc5c,https://kg.linkedin.com/jobs/view/monteur-at-cleanroom-systems-international-4439048990,Monteur,,scraped,2026-07-10T18:13:33.497130,
fee2f09cd1320e75,https://kg.linkedin.com/jobs/view/principal-at-nps-international-school-at-cbseguess-4438325498,Principal at NPS International School,,scraped,2026-07-10T18:13:57.413287,
0d911c7a7424988a,https://kg.linkedin.com/jobs/view/motion-designer-marketing-at-pocket-worlds-4435493259,Motion Designer (Marketing),Pocket Worlds,posted,2026-07-10T18:14:24.793011,306
871762709b8b37ee,https://kg.linkedin.com/jobs/view/souschef-till-taverna-averna-at-g%C3%B6teborgsfamiljen-4439312881,Souschef till Taverna Averna,,scraped,2026-07-10T18:14:39.350173,
eacf0f8f195f729b,https://kg.linkedin.com/jobs/view/sozialp%C3%A4dagoge-oder-internatserzieher-m-w-d-at-kurpfalz-internat-bammental-4438315320,Sozialpädagoge oder Internatserzieher (m/w/d),Kurpfalz Internat Bammental,posted,2026-07-10T18:14:57.745809,308
aae95cd2d74ae2c8,https://kg.linkedin.com/jobs/view/sap-consulting-trainee-at-epam-systems-4423135040,SAP Consulting Trainee,EPAM Systems,posted,2026-07-10T18:15:15.634642,310
13d5f0cc59306fd1,https://kg.linkedin.com/jobs/view/magazijn-medewerker-at-cleanroom-systems-international-4439048993,Magazijn medewerker,,scraped,2026-07-10T18:15:30.260283,
478c5179b34318a7,https://kg.linkedin.com/jobs/view/data-technology-consultant-at-epam-systems-4422282321,Data Technology Consultant,EPAM Systems,posted,2026-07-10T18:16:00.401720,312
4d37471eb84307d4,https://kg.linkedin.com/jobs/view/senior-clinical-pharmacist-onc-haem-at-lister-fertility-clinic-4437993010,Senior Clinical Pharmacist - Onc/Haem,,scraped,2026-07-10T18:16:03.011413,
41a0b5c665ab412b,https://kg.linkedin.com/jobs/view/senior-sales-manager-biotechnologie-100%25-at-michael-page-4438828255,Senior Sales Manager - Biotechnologie 100%,Michael Page,posted,2026-07-10T18:16:30.414842,314
cff4b9fd8a4fed45,https://kg.linkedin.com/jobs/view/alt-und-im-krieg-verlassen-mittlerer-osten-%E2%80%A2-gesundheitswesen-und-ern%C3%A4hrung-at-coworkers-4435962595,Alt und im Krieg verlassen - Mittlerer Osten • Gesundheitswesen und Ernährung,,scraped,2026-07-10T18:16:32.947114,
9cc87dc7c1dadd07,https://kg.linkedin.com/jobs/view/leerling-monteur-at-cleanroom-systems-international-4439054861,Leerling monteur,,scraped,2026-07-10T18:16:41.433711,
dac872dfb12173ef,https://kg.linkedin.com/jobs/view/technical-ai-consultant-at-epam-systems-4413308935,Technical AI Consultant,EPAM Systems,posted,2026-07-10T18:17:11.229840,316
a8c7c11542d4fe2f,https://kg.linkedin.com/jobs/view/generator-epp-iii-and-hvac-technician-at-general-dynamics-information-technology-4429022586,Generator/EPP III and HVAC Technician,General Dynamics Information Technology,posted,2026-07-10T18:17:32.546504,298
138af359bc557b76,https://kg.linkedin.com/jobs/view/network-administrator-intermediate-%E2%80%93-ts-sci-required-at-general-dynamics-information-technology-4420245167,Network Administrator Intermediate – TS/SCI required,General Dynamics Information Technology,posted,2026-07-10T18:17:59.146699,318
f06df0df06d48097,https://kg.linkedin.com/jobs/view/area-sales-manager-m-f-d-czech-republic-slovakia-at-pollmeier-massivholz-4439093683,Area Sales Manager (m/f/d) - Czech Republic & Slovakia,,scraped,2026-07-10T18:18:01.829307,
500c944f3dbc5355,https://kg.linkedin.com/jobs/view/lead-ai-engineer-at-epam-systems-4413301800,Lead AI Engineer,EPAM Systems,posted,2026-07-10T18:18:16.774113,296
56f93be8b87618a8,https://kg.linkedin.com/jobs/view/senior-sap-fica-consultant-at-epam-systems-4399513755,Senior SAP FICA Consultant,EPAM Systems,posted,2026-07-10T18:18:36.004159,320
b60908d2a78194da,https://kg.linkedin.com/jobs/view/senior-ai-engineer-at-epam-systems-4413317849,Senior AI Engineer,EPAM Systems,posted,2026-07-10T18:18:45.573426,294
d37a4718f742998b,https://kg.linkedin.com/jobs/view/senior-full-stack-engineer-python-angular-at-epam-systems-4413301989,Senior Full-Stack Engineer (Python & Angular),EPAM Systems,posted,2026-07-10T18:19:09.130531,322
b602d27d88c49cc0,https://kg.linkedin.com/jobs/view/fsj-freiwilliges-soziales-jahr-bundesfreiwilligendienst-at-kurpfalz-internat-bammental-4438312432,"FSJ Freiwilliges Soziales Jahr, Bundesfreiwilligendienst",Kurpfalz Internat Bammental,posted,2026-07-10T18:19:27.835193,324
12cbca3b06dec13c,https://kg.linkedin.com/jobs/view/praktikum-sozialp%C3%A4dagogik-at-kurpfalz-internat-bammental-4438320174,Praktikum Sozialpädagogik,Kurpfalz Internat Bammental,posted,2026-07-10T18:19:45.170613,326
66786fe3908457c2,https://kg.linkedin.com/jobs/view/soon-at-uluksoft-4435976897,Soon,,scraped,2026-07-10T23:34:52.779585,
8335c0d924e5e7c6,https://kg.linkedin.com/jobs/view/area-sales-manager-m-f-d-japan-at-pollmeier-massivholz-4439090990,Area Sales Manager (m/f/d) - Japan,,scraped,2026-07-10T23:35:04.858235,
392bdf57ced4f995,https://kg.linkedin.com/jobs/view/projectmanager-at-cleanroom-systems-international-4439064536,Projectmanager,,scraped,2026-07-10T23:35:58.985410,
ee103ff61ef89b91,https://kg.linkedin.com/jobs/view/generator-epp-iii-and-hvac-technician-at-general-dynamics-information-technology-4429016695,Generator/EPP III and HVAC Technician,General Dynamics Information Technology,posted,2026-07-10T23:36:28.616377,298
94c353f821c32e0a,https://kg.linkedin.com/jobs/view/lead-platform-engineer-at-epam-systems-4435991342,Lead Platform Engineer,EPAM Systems,posted,2026-07-10T23:36:50.033320,328
b5814cc20f32dfb9,https://kg.linkedin.com/jobs/view/senior-copilot-studio-developer-at-epam-systems-4435992461,Senior Copilot Studio Developer,EPAM Systems,posted,2026-07-10T23:37:05.085061,330
887c48a689dcaac5,https://kg.linkedin.com/jobs/view/g4s-s%C3%B8ger-sikkerhedsvagt-buskontroll%C3%B8r-til-fuldtid-i-%C3%A5rhus-at-g4s-4437704956,G4S søger Sikkerhedsvagt/Buskontrollør til fuldtid i Århus.,G4S,posted,2026-07-10T23:37:34.804894,332
f0b8fabe15431af7,https://kg.linkedin.com/jobs/view/lead-ai-engineer-with-machine-learning-at-epam-systems-4435686271,Lead AI Engineer with Machine Learning,EPAM Systems,posted,2026-07-10T23:37:53.005241,334
609e897f8c1b8407,https://kg.linkedin.com/jobs/view/big-data-devops-engineer-at-epam-systems-4413308937,Big Data DevOps Engineer,EPAM Systems,posted,2026-07-10T23:38:24.613968,336
78c9503d01e5b4fc,https://kg.linkedin.com/jobs/view/affiliate-manager-kyrgyzstan-at-azurainfinity-4435994241,Affiliate Manager - Kyrgyzstan,,scraped,2026-07-11T07:27:56.853249,
be5932dbb910ad50,https://kg.linkedin.com/jobs/view/crane-operator-jobs-1322-at-mypetrocareer-com-4436644264,"Crane Operator, Jobs, 1322",,scraped,2026-07-11T07:28:09.971947,
e12b93717ae9ac8a,https://kg.linkedin.com/jobs/view/crane-operator-jobs-1319-at-mypetrocareer-com-4436650181,"Crane Operator, Jobs, 1319",,scraped,2026-07-11T07:28:18.012677,
e09baaf6520947a6,https://kg.linkedin.com/jobs/view/crane-operator-permanent-jobs-1306-at-mypetrocareer-com-4436639401,"Crane Operator (Permanent), Jobs, 1306",,scraped,2026-07-11T07:28:23.898256,
bb63e27ccdeae462,https://kg.linkedin.com/jobs/view/%C3%A7irkab-sular%C4%B1n-t%C9%99mizl%C9%99nm%C9%99si-qur%C4%9Fusu-wwtp-%C3%BCzr%C9%99-proses-m%C3%BCh%C9%99ndisi-at-hayat-group-az-4435662851,Çirkab Suların Təmizlənməsi Qurğusu (WWTP) üzrə Proses Mühəndisi,,scraped,2026-07-11T07:28:39.845815,
fd34411afd9148a7,https://kg.linkedin.com/jobs/view/gymnasial-realschullehrer-m-w-d-at-kurpfalz-internat-bammental-4438311431,Gymnasial-/Realschullehrer (m/w/d),Kurpfalz Internat Bammental,posted,2026-07-11T07:29:05.657736,338
ddff52f9476c8f8d,https://kg.linkedin.com/jobs/view/assistant-sales-manager-m-w-d-romania-at-pollmeier-massivholz-4439307197,Assistant Sales Manager (m/w/d) - Romania,,scraped,2026-07-11T07:29:10.233401,
e1e39b6962c0d6ff,https://kg.linkedin.com/jobs/view/talent-acquisition-recruiter-at-itheadhunter-4437335944,Talent Acquisition Recruiter,ITHeadhunter,posted,2026-07-11T07:29:34.728424,340
4198bc5846b4714b,https://kg.linkedin.com/jobs/view/hr-and-office-administrator-bedrijfswagen-at-page-personnel-4436644252,HR and Office Administrator - bedrijfswagen,,scraped,2026-07-11T07:29:47.317342,
d24e79c75da972a5,https://kg.linkedin.com/jobs/view/senior-security-software-engineer-cryptography-and-threat-modeling-at-epam-systems-4435996337,Senior Security Software Engineer (Cryptography and Threat Modeling),EPAM Systems,posted,2026-07-11T07:30:47.479297,342
2cf3d9d8b9fd4b45,https://kg.linkedin.com/jobs/view/rov-pilot-technician-at-rovop-4438894555,ROV Pilot Technician,,scraped,2026-07-11T11:37:01.619047,
d5bc84859c362d4a,https://kg.linkedin.com/jobs/view/director-fundraising-analytics-remote-covenant-house-international-at-apra-indiana-4439519396,"Director, Fundraising Analytics (Remote) - Covenant House International",APRA Indiana,posted,2026-07-11T11:37:45.208943,344
09bd335733c829b3,https://kg.linkedin.com/jobs/view/russian-interpreter-at-kreato-global-bpo-and-language-solutions-4435994247,Russian Interpreter,Kreato Global | BPO and Language Solutions,posted,2026-07-11T11:38:03.613071,346
547f048fa55a2b44,https://kg.linkedin.com/jobs/view/talent-acquisition-employer-branding-specialist-at-page-personnel-4436646262,Talent Acquisition & Employer Branding Specialist,,scraped,2026-07-11T11:38:16.332571,
fc19fd15fc63ffa7,https://kg.linkedin.com/jobs/view/%D1%81%D0%B8%D1%81%D1%82%D0%B5%D0%BC%D0%BD%D1%8B%D0%B9-%D0%B0%D0%BD%D0%B0%D0%BB%D0%B8%D1%82%D0%B8%D0%BA-at-spider-group-apps-ai-ar-iot-4439508764,Системный аналитик,,scraped,2026-07-11T11:38:23.010222,
1ca5208ea20deb67,https://kg.linkedin.com/jobs/view/sap-consulting-trainee-at-epam-systems-4423117767,SAP Consulting Trainee,EPAM Systems,posted,2026-07-11T11:38:34.409645,310
7d096acefeba5c6b,https://kg.linkedin.com/jobs/view/data-technology-consultant-at-epam-systems-4413323072,Data Technology Consultant,EPAM Systems,posted,2026-07-11T11:39:00.900618,312
f0cefa1e9e79aea7,https://kg.linkedin.com/jobs/view/sap-full-stack-javascript-development-trainee-at-epam-systems-4411887623,SAP Full-Stack JavaScript Development Trainee,EPAM Systems,posted,2026-07-11T11:39:22.483072,348
d480b2862c6cea36,https://kg.linkedin.com/jobs/view/data-solution-architect-at-epam-systems-4413320087,Data Solution Architect,EPAM Systems,posted,2026-07-11T11:39:48.463315,350
162be896b86200e4,https://kg.linkedin.com/jobs/view/ai-solution-architect-at-epam-systems-4413307979,AI Solution Architect,EPAM Systems,posted,2026-07-11T11:40:31.144423,352
7a9ee82fecb9e940,https://kg.linkedin.com/jobs/view/senior-platform-engineer-at-epam-systems-4435988522,Senior Platform Engineer,EPAM Systems,failed|wp_post_failed,2026-07-11T11:43:00.823349,
251ba7d419d8da6b,https://kg.linkedin.com/jobs/view/lead-senior-devops-engineer-big-data-at-epam-systems-4413314220,Lead / Senior DevOps Engineer (Big Data),EPAM Systems,failed|wp_post_failed,2026-07-11T11:43:13.331327,
1484e37212d08fa5,https://kg.linkedin.com/jobs/view/lead-ai-engineer-with-aws-bedrock-at-epam-systems-4435672113,Lead AI Engineer with AWS Bedrock,EPAM Systems,failed|wp_post_failed,2026-07-11T11:43:24.233826,
685fb18591dc64e2,https://kg.linkedin.com/jobs/view/sp%C3%A9cialiste-assurances-de-personnes-fr-eng-100%25-m-f-at-michael-page-4437867809,Spécialiste Assurances de Personnes FR / ENG 100% (m / f),Michael Page,failed|wp_post_failed,2026-07-11T11:43:37.933568,
6e7e8918ed48bb39,https://kg.linkedin.com/jobs/view/senior-grc-compliance-automation-engineer-at-epam-systems-4435686665,Senior GRC & Compliance Automation Engineer,EPAM Systems,failed|wp_post_failed,2026-07-11T11:43:50.733939,
ac93e09b1fa373f9,https://kg.linkedin.com/jobs/view/comptable-medior-fr-bruxelles-at-page-personnel-4435679439,Comptable Medior - FR - Bruxelles,,scraped,2026-07-11T11:43:53.339339,
6afda77b4f7c4906,https://kg.linkedin.com/jobs/view/privacy-engineering-director-at-duckduckgo-4429692408,Privacy Engineering Director,DuckDuckGo,posted,2026-07-11T15:37:11.375956,356
a0a16623ff564f8d,https://kg.linkedin.com/jobs/view/kyrgyz-music-expert-%2470-hr-remote-at-crossing-hurdles-4438937128,Kyrgyz Music Expert | $70/hr Remote,Crossing Hurdles,posted,2026-07-11T15:37:47.818561,358
9e0c9df1486237d0,https://kg.linkedin.com/jobs/view/senior-net-developer-with-azure-api-management-expertise-at-epam-systems-4413663754,Senior .NET Developer with Azure API Management expertise,EPAM Systems,posted,2026-07-11T15:38:34.718893,360
ca1b1f51b88a55a5,https://kg.linkedin.com/jobs/view/lead-devops-engineer-big-data-at-epam-systems-4413305950,Lead DevOps Engineer (Big Data),EPAM Systems,posted,2026-07-11T15:39:36.547158,362
64dfb2416ed05fb1,https://kg.linkedin.com/jobs/view/une-immigration-de-travail-%3F-les-%C3%A9carts-d-emploi-varient-fortement-selon-les-nationalit%C3%A9s-at-mediadw-4439585012,Une immigration de travail ? Les écarts d'emploi varient fortement selon les nationalités,MediaDW,posted,2026-07-11T19:57:11.756213,364
4a5937e25a7469a1,https://kg.linkedin.com/jobs/view/alt-und-im-krieg-verlassen-mittlerer-osten-%E2%80%A2-gesundheitswesen-und-ern%C3%A4hrung-at-coworkers-4436674524,Alt und im Krieg verlassen - Mittlerer Osten • Gesundheitswesen und Ernährung,,scraped,2026-07-11T19:57:56.233933,
443bf89a9cebc47a,https://kg.linkedin.com/jobs/view/planner-bouw-drongen-m-v-x-at-page-personnel-4435688284,Planner - Bouw - Drongen - M/V/X,,scraped,2026-07-11T19:58:04.360424,
1639f43bb91288db,https://kg.linkedin.com/jobs/view/senior-azure-engineer-at-epam-systems-4398251554,Senior Azure Engineer,EPAM Systems,posted,2026-07-11T19:58:29.495085,366
287332c09c5177ec,https://kg.linkedin.com/jobs/view/senior-agentic-automation-engineer-at-epam-systems-4423631683,Senior Agentic Automation Engineer,EPAM Systems,posted,2026-07-11T19:58:54.006525,368
948b26dd21db6d5a,https://kg.linkedin.com/jobs/view/appointment-setter-at-nhh-4439571370,Appointment Setter,,scraped,2026-07-11T22:34:12.054752,
8cf1084c6ac549f5,https://kg.linkedin.com/jobs/view/%D0%BA%D1%80%D0%B5%D0%B4%D0%B8%D1%82%D0%BD%D1%8B%D0%B5-%D1%81%D0%BF%D0%B5%D1%86%D0%B8%D0%B0%D0%BB%D0%B8%D1%81%D1%82%D1%8B-at-cjsc-mfc-alma-credit-4436672333,КРЕДИТНЫЕ СПЕЦИАЛИСТЫ,"CJSC MFC ""Alma Credit""",failed|wp_post_failed,2026-07-11T22:34:39.858835,
d36b38e5a8221d87,https://kg.linkedin.com/jobs/view/sco-sales-consultant-at-nhh-4439568408,SCo: Sales Consultant,,scraped,2026-07-11T22:34:46.447186,
11c4ffcdb5b45f63,https://kg.linkedin.com/jobs/view/futuraskolan-international-hertig-karl-fritidsledare-s%C3%B6ks-at-futuraskolan-international-bergtorp-4438919730,Futuraskolan International Hertig Karl- Fritidsledare söks,,scraped,2026-07-11T22:35:04.444609,
748e9885ebf814a5,https://kg.linkedin.com/jobs/view/sap-consulting-trainee-at-epam-systems-4423132098,SAP Consulting Trainee,EPAM Systems,posted,2026-07-11T22:35:23.193472,310
3f0e0c1f2c325776,https://kg.linkedin.com/jobs/view/hrm-igaming-kyrgyztan-at-my-clients-4438921321,HRM - iGaming [KYRGYZTAN],My clients,posted,2026-07-11T22:35:36.159047,370
e4e4e6d57442c9a2,https://kg.linkedin.com/jobs/view/resident-doctor-haem-onc-at-lister-fertility-clinic-4438933922,Resident Doctor Haem/Onc,,scraped,2026-07-11T22:35:38.591632,
35f536353f1664c9,https://kg.linkedin.com/jobs/view/futuraskolan-international-g%C3%A5shaga-skoladministrat%C3%B6r-50%25-at-futuraskolan-international-bergtorp-4438932032,Futuraskolan International Gåshaga- Skoladministratör 50%,,scraped,2026-07-11T22:35:47.301536,
22a5a810f3d9d3b3,https://kg.linkedin.com/jobs/view/sap-consulting-trainee-at-epam-systems-4423125172,SAP Consulting Trainee,EPAM Systems,posted,2026-07-11T22:36:01.701165,310
56711f90034358c4,https://kg.linkedin.com/jobs/view/senior-trust-officer-at-88-mocca-the-museum-of-chinese-contemporary-art-on-the-web-4439503365,(Senior) Trust Officer,,scraped,2026-07-11T22:36:08.303878,
3d6fb70506f46d8c,https://kg.linkedin.com/jobs/view/russian-team-lead-at-sme-careers-4431300630,Russian Team Lead,SME Careers,posted,2026-07-11T22:36:24.562403,372
f7a8d9a0d94a468d,https://kg.linkedin.com/jobs/view/senior-privacy-engineer-at-duckduckgo-4430030145,Senior Privacy Engineer,DuckDuckGo,posted,2026-07-11T22:36:55.632708,374
75989ef96376c7c5,https://kg.linkedin.com/jobs/view/senior-python-genai-engineer-at-epam-systems-4413655967,Senior Python GenAI Engineer,EPAM Systems,posted,2026-07-11T22:37:04.315495,376
c61fe248930508a4,https://kg.linkedin.com/jobs/view/rov-senior-pilot-technician-at-rovop-4439001015,ROV Senior Pilot Technician,,scraped,2026-07-11T22:37:34.857755,
531aa5e7c3feea0c,https://kg.linkedin.com/jobs/view/coordinator-of-the-registrar%E2%80%99s-office-at-center-for-teaching-learning-and-technology-4436671982,Coordinator of the Registrar’s Office,"Center for Teaching, Learning, and Technology",posted,2026-07-12T07:54:07.248228,378
4d8ef71fd07e82fc,https://kg.linkedin.com/jobs/view/rov-supervisor-at-rovop-4439003009,ROV Supervisor,,scraped,2026-07-12T07:54:25.784126,
32d58fefa2325f00,https://kg.linkedin.com/jobs/view/futuraskolan-international-hertig-karl-skoladministrat%C3%B6r-s%C3%B6ks-at-futuraskolan-international-bergtorp-4438924539,Futuraskolan International Hertig Karl Skoladministratör söks,,scraped,2026-07-12T07:54:38.956584,
07e16ee66f03bceb,https://kg.linkedin.com/jobs/view/assistant-crane-operator-permanent-nationality-restricted-jobs-1338-at-mypetrocareer-com-4436644249,"Assistant Crane Operator (Permanent / Nationality Restricted), Jobs, 1338",,scraped,2026-07-12T07:55:00.241032,
91de4de4739933e1,https://kg.linkedin.com/jobs/view/devops-engineer-at-targeted-solutions-for-business-llc-4439595533,DevOps Engineer,Targeted Solutions for Business LLC,posted,2026-07-12T07:55:15.570954,380
ec8685afc27738d9,https://kg.linkedin.com/jobs/view/senior-frontend-engineer-at-targeted-solutions-for-business-llc-4439593649,Senior Frontend Engineer,Targeted Solutions for Business LLC,posted,2026-07-12T07:55:38.420763,382
b44c47f1e61f45f6,https://kg.linkedin.com/jobs/view/%D0%B2%D0%B5%D0%B4%D1%83%D1%89%D0%B8%D0%B9-%D1%81%D0%BF%D0%B5%D1%86%D0%B8%D0%B0%D0%BB%D0%B8%D1%81%D1%82-%D1%81%D0%BE%D0%BF%D1%80%D0%BE%D0%B2%D0%BE%D0%B6%D0%B4%D0%B5%D0%BD%D0%B8%D1%8F-1%D1%81-%D1%80%D0%B5%D0%B3%D0%BB%D0%B0%D0%BC%D0%B5%D0%BD%D1%82%D0%B8%D1%80%D0%BE%D0%B2%D0%B0%D0%BD%D0%BD%D1%8B%D0%B9-%D1%83%D1%87%D0%B5%D1%82-%D0%B1%D1%83%D1%85%D0%B3%D0%B0%D0%BB%D1%82%D0%B5%D1%80%D0%B8%D1%8F-%D0%B7%D1%83%D0%BF-%D0%B5%D0%BA%D0%B0%D1%82%D0%B5%D1%80%D0%B8%D0%BD%D0%B1%D1%83%D1%80%D0%B3-at-nag-4437972907,Ведущий специалист сопровождения 1С (Регламентированный учет - Бухгалтерия / ЗУП) Екатеринбург,,scraped,2026-07-12T07:56:02.908659,
c9419f9ffc3c3d45,https://kg.linkedin.com/jobs/view/data-analyst-customer-service-at-salmon-group-ltd-4422004521,Data Analyst (Customer Service),,scraped,2026-07-12T11:59:40.885155,
e0bbdabd2afafbf8,https://kg.linkedin.com/jobs/view/group-chief-financial-officer-at-antal-international-4439726488,Group Chief Financial Officer,,scraped,2026-07-12T11:59:58.364848,
abec0fa7e42ac57e,https://kg.linkedin.com/jobs/view/it-security-administrator-ts-sci-with-polygraph-at-general-dynamics-information-technology-4336512877,IT Security Administrator - TS/SCI with Polygraph,General Dynamics Information Technology,posted,2026-07-12T12:00:57.212255,384
b4ce4fb5a4dabdbd,https://kg.linkedin.com/jobs/view/crane-operator-us-visa-jobs-1341-at-mypetrocareer-com-4436651116,"Crane Operator (US Visa), Jobs, 1341",,scraped,2026-07-12T12:01:07.836517,
c3427eca4fc1a926,https://kg.linkedin.com/jobs/view/test-automation-architect-javascript-python-at-epam-systems-4413667778,Test Automation Architect (JavaScript / Python),EPAM Systems,posted,2026-07-12T12:01:30.418576,386
8fc4716def3587c7,https://kg.linkedin.com/jobs/view/ai-enabled-senior-net-developer-at-epam-systems-4413671441,AI-enabled Senior .NET Developer,EPAM Systems,posted,2026-07-12T12:01:44.951225,388
44ebbc43e8918981,https://kg.linkedin.com/jobs/view/network-administrator-ts-sci-with-polygraph-at-general-dynamics-information-technology-4336443072,Network Administrator - TS/SCI with Polygraph,General Dynamics Information Technology,posted,2026-07-12T12:01:58.472886,390
ea3f659c6fa3cb41,https://kg.linkedin.com/jobs/view/automated-testing-in-javascript-trainee-at-epam-systems-4424856936,Automated Testing in JavaScript Trainee,EPAM Systems,posted,2026-07-12T12:02:11.248153,392
d7b86f53eeb09129,https://kg.linkedin.com/jobs/view/automated-testing-in-javascript-trainee-at-epam-systems-4424865073,Automated Testing in JavaScript Trainee,EPAM Systems,posted,2026-07-12T12:02:18.481753,392
9c43717e0c9b6181,https://kg.linkedin.com/jobs/view/automated-testing-in-java-trainee-at-epam-systems-4424848836,Automated Testing in Java Trainee,EPAM Systems,posted,2026-07-12T12:02:29.521591,394
5b38ef25af218943,https://kg.linkedin.com/jobs/view/automated-testing-in-javascript-trainee-at-epam-systems-4424861778,Automated Testing in JavaScript Trainee,EPAM Systems,posted,2026-07-12T12:02:36.383766,392
bfe3627198667601,https://kg.linkedin.com/jobs/view/automated-testing-in-java-trainee-at-epam-systems-4424851837,Automated Testing in Java Trainee,EPAM Systems,posted,2026-07-12T12:02:43.121935,394
277b054dac0a254c,https://kg.linkedin.com/jobs/view/senior-full-stack-engineer-react-%2B-node-js-at-targeted-solutions-for-business-llc-4439589745,Senior Full Stack Engineer (React + Node.js),Targeted Solutions for Business LLC,posted,2026-07-12T12:02:55.321989,396
59836e3106506fd9,https://kg.linkedin.com/jobs/view/senior-dynamics-crm-software-engineer-at-epam-systems-4405559262,Senior Dynamics CRM Software Engineer,EPAM Systems,posted,2026-07-12T12:03:06.499900,398
10a6379a0ce4ff01,https://kg.linkedin.com/jobs/view/%D0%BC%D0%B5%D0%BD%D0%B5%D0%B4%D0%B6%D0%B5%D1%80-%D0%BF%D0%BE-%D0%BF%D1%80%D0%B5%D0%B4%D0%BF%D1%80%D0%BE%D0%B4%D0%B0%D0%B6%D0%BD%D0%BE%D0%B9-%D0%BF%D0%BE%D0%B4%D0%B3%D0%BE%D1%82%D0%BE%D0%B2%D0%BA%D0%B5-%D0%BF%D1%80%D0%B5%D1%81%D0%B5%D0%B9%D0%BB-%D0%BD%D0%B0-%D1%82%D0%B5%D0%BB%D0%B5%D0%BA%D0%BE%D0%BC-%D0%BE%D0%B1%D0%BE%D1%80%D1%83%D0%B4%D0%BE%D0%B2%D0%B0%D0%BD%D0%B8%D0%B5-%D0%B8-%D0%B8%D0%BD%D0%B6%D0%B5%D0%BD%D0%B5%D1%80%D0%BD%D1%8B%D0%B5-%D1%81%D0%B8%D1%81%D1%82%D0%B5%D0%BC%D1%8B-%D1%80%D0%BE%D1%81%D1%82%D0%BE%D0%B2-%D0%BD%D0%B0-%D0%B4%D0%BE%D0%BD%D1%83-at-nag-4438958985,Менеджер по предпродажной подготовке (Пресейл) на телеком оборудование и инженерные системы) Ростов-на-Дону,,scraped,2026-07-12T15:44:07.257329,
93414fc64b68820a,https://kg.linkedin.com/jobs/view/sap-consulting-trainee-at-epam-systems-4423122205,SAP Consulting Trainee,EPAM Systems,posted,2026-07-12T15:44:29.909311,310
e3548a9cf94a3db7,https://kg.linkedin.com/jobs/view/data-analytics-product-owner-at-epam-systems-4413696060,Data Analytics Product Owner,EPAM Systems,posted,2026-07-12T15:44:47.757347,400
062ceed539408518,https://kg.linkedin.com/jobs/view/automated-testing-in-net-trainee-at-epam-systems-4424877029,Automated Testing in .NET Trainee,EPAM Systems,posted,2026-07-12T15:45:14.511972,402
b2a1b88499fcc56f,https://kg.linkedin.com/jobs/view/automated-testing-in-net-trainee-at-epam-systems-4424871092,Automated Testing in .NET Trainee,EPAM Systems,posted,2026-07-12T15:45:19.489548,402
83571b65d9dbc7ec,https://kg.linkedin.com/jobs/view/sap-full-stack-javascript-development-trainee-at-epam-systems-4411881775,SAP Full-Stack JavaScript Development Trainee,EPAM Systems,posted,2026-07-12T15:45:24.491178,348
03c73f0e9f777849,https://kg.linkedin.com/jobs/view/automated-testing-in-javascript-trainee-at-epam-systems-4424863513,Automated Testing in JavaScript Trainee,EPAM Systems,posted,2026-07-12T15:45:29.768671,392
25c4e7bd77caab02,https://kg.linkedin.com/jobs/view/sap-full-stack-javascript-development-trainee-at-epam-systems-4411895390,SAP Full-Stack JavaScript Development Trainee,EPAM Systems,posted,2026-07-12T15:45:36.560769,348
448bb1eb0346407f,https://kg.linkedin.com/jobs/view/senior-systems-administrator-ts-sci-with-polygraph-at-general-dynamics-information-technology-4336363268,Senior Systems Administrator - TS/SCI with Polygraph,General Dynamics Information Technology,posted,2026-07-12T15:46:26.548948,404
4ff7e83e8c3ab3a7,https://kg.linkedin.com/jobs/view/automated-testing-in-java-trainee-at-epam-systems-4424839832,Automated Testing in Java Trainee,EPAM Systems,posted,2026-07-12T20:10:37.862963,394
68ef11a50a3703fe,https://kg.linkedin.com/jobs/view/automated-testing-in-net-trainee-at-epam-systems-4424865126,Automated Testing in .NET Trainee,EPAM Systems,posted,2026-07-12T20:10:45.009050,402
93240c22b580b467,https://kg.linkedin.com/jobs/view/senior-software-engineer-ts-sci-with-polygraph-at-general-dynamics-information-technology-4336473038,Senior Software Engineer - TS/SCI with Polygraph,General Dynamics Information Technology,posted,2026-07-12T20:10:54.911595,406
37b7e29f669b549d,https://kg.linkedin.com/jobs/view/alt-und-im-krieg-verlassen-mittlerer-osten-%E2%80%A2-gesundheitswesen-und-ern%C3%A4hrung-at-coworkers-4437224682,Alt und im Krieg verlassen - Mittlerer Osten • Gesundheitswesen und Ernährung,,scraped,2026-07-12T22:41:07.909283,
8cc29a883eb842c4,https://kg.linkedin.com/jobs/view/futuraskolan-international-g%C3%A5shaga-fritidsledare-s%C3%B6ks%21-at-futuraskolan-international-bergtorp-4438925408,Futuraskolan International Gåshaga- Fritidsledare söks!,,scraped,2026-07-12T22:42:00.978651,
d060aa3ff25bebb2,https://kg.linkedin.com/jobs/view/automated-testing-in-java-trainee-at-epam-systems-4424846872,Automated Testing in Java Trainee,EPAM Systems,posted,2026-07-12T22:42:44.936105,394
313b1c9d436804ac,https://kg.linkedin.com/jobs/view/generator-hvac-technician-at-general-dynamics-information-technology-4431311550,Generator HVAC Technician,General Dynamics Information Technology,posted,2026-07-12T22:42:58.100468,292
e9423ca4d5b3fa0c,https://kg.linkedin.com/jobs/view/lead-aws-devops-engineer-at-epam-systems-4288859812,Lead AWS DevOps Engineer,EPAM Systems,posted,2026-07-12T22:43:29.926420,408
d9e8fc741d5f8e81,https://kg.linkedin.com/jobs/view/support-in-media-management-at-pressrelations%E5%8D%9A%E4%BF%A1%E7%9D%BF%E6%80%9D-4439190630,Support in Media Management,,scraped,2026-07-13T11:50:44.565244,
bcb0715d0aa2f2ed,https://kg.linkedin.com/jobs/view/%D0%BC%D0%B5%D0%BD%D0%B5%D0%B4%D0%B6%D0%B5%D1%80-%D0%BF%D0%BE-%D0%BD%D0%B0%D0%BB%D0%BE%D0%B3%D0%B0%D0%BC-tax-accountant-at-beeline-kyrgyzstan-4435949993,Менеджер по налогам (tax accountant),,scraped,2026-07-13T11:50:57.797093,
937625ba51686ea8,https://kg.linkedin.com/jobs/view/program-management-office-analyst-at-general-dynamics-information-technology-4439725349,Program Management Office Analyst,General Dynamics Information Technology,posted,2026-07-13T11:52:03.178599,410
1c9bf6ed96cf1fc0,https://kg.linkedin.com/jobs/view/sap-full-stack-javascript-development-trainee-at-epam-systems-4411886649,SAP Full-Stack JavaScript Development Trainee,EPAM Systems,posted,2026-07-13T11:52:10.567599,348
c158137e45b5d973,https://kg.linkedin.com/jobs/view/sap-full-stack-javascript-development-trainee-at-epam-systems-4411879818,SAP Full-Stack JavaScript Development Trainee,EPAM Systems,posted,2026-07-13T11:52:17.735479,348
c667c4cb6804e227,https://kg.linkedin.com/jobs/view/lead-test-automation-engineer-in-java-at-epam-systems-4288872816,Lead Test Automation Engineer in Java,EPAM Systems,posted,2026-07-13T11:52:57.078902,412
f9562fd728f8b1bf,https://kg.linkedin.com/jobs/view/sap-abap-developer-rap-relocation-to-cyprus-at-epam-systems-4374889947,SAP ABAP Developer (RAP) (relocation to Cyprus),EPAM Systems,posted,2026-07-13T11:53:07.057060,414
c8d16cde53bd5f32,https://kg.linkedin.com/jobs/view/rig-electrician-adhoc-jobs-1283-at-mypetrocareer-com-4437272513,"Rig Electrician (adhoc), Jobs, 1283",,scraped,2026-07-13T11:53:11.758645,
dbf92f7b15d613ef,https://kg.linkedin.com/jobs/view/assistant-driller-adhoc-jobs-1345-at-mypetrocareer-com-4437271396,"Assistant Driller (adhoc), Jobs, 1345",,scraped,2026-07-13T11:53:20.382121,
c0da77b492d0073a,https://kg.linkedin.com/jobs/view/senior-sap-ui5-engineer-at-epam-systems-4385724497,Senior SAP UI5 Engineer,EPAM Systems,posted,2026-07-13T11:53:32.908538,416
1788aca58335171a,https://kg.linkedin.com/jobs/view/packaging-artisan-at-ab-inbev-africa-4438805846,Packaging Artisan,,scraped,2026-07-13T18:27:00.734471,
2b802e4012e8a8f9,https://kg.linkedin.com/jobs/view/full-time-instructor-of-sports-courses-at-center-for-teaching-learning-and-technology-4436674922,Full-Time Instructor of Sports Courses,"Center for Teaching, Learning, and Technology",posted,2026-07-13T18:27:19.844723,418
fd5f34d7e655f92c,https://kg.linkedin.com/jobs/view/utilities-electrician-at-ab-inbev-africa-4440034615,Utilities Electrician,,scraped,2026-07-13T18:27:24.459576,
81c0efd576270094,https://kg.linkedin.com/jobs/view/%D1%81%D0%BF%D0%B5%D1%86%D0%B8%D0%B0%D0%BB%D0%B8%D1%81%D1%82-%D0%BF%D0%BE-%D0%B8%D0%BD%D1%84%D0%BE%D1%80%D0%BC%D0%B0%D1%86%D0%B8%D0%BE%D0%BD%D0%BD%D1%8B%D0%BC-%D1%82%D0%B5%D1%85%D0%BD%D0%BE%D0%BB%D0%BE%D0%B3%D0%B8%D1%8F%D0%BC-at-food-dream-x-kfc-4437268364,Специалист по информационным технологиям,,scraped,2026-07-13T18:27:37.069184,
1a40a0fcd008d1f4,https://kg.linkedin.com/jobs/view/ing%C3%A9nieur-calcul-structure-international-f-h-at-b-hive-engineering-4439785898,Ingénieur Calcul Structure - International F/H,,scraped,2026-07-13T18:27:50.011766,
5e55d7e462106a60,https://kg.linkedin.com/jobs/view/international-video-remote-interpreters-at-language-services-associates-4253788036,*International Video Remote Interpreters,Language Services Associates,posted,2026-07-13T18:28:10.442658,420
58f8d129ed4d783f,https://kg.linkedin.com/jobs/view/key-account-manager-consultant-m-f-d-at-pressrelations%E5%8D%9A%E4%BF%A1%E7%9D%BF%E6%80%9D-4439400311,Key Account Manager / Consultant (m/f/d),,scraped,2026-07-13T18:28:29.048890,
8ea84430fb58551e,https://kg.linkedin.com/jobs/view/radio-technician-ts-sci-with-polygraph-at-general-dynamics-information-technology-4336522828,Radio Technician - TS/SCI with Polygraph,General Dynamics Information Technology,posted,2026-07-13T18:28:46.362176,422
e4449b34fe1c8665,https://kg.linkedin.com/jobs/view/projeteur-m%C3%A9thodes-international-f-h-at-b-hive-engineering-4439798448,Projeteur Méthodes - International F/H,,scraped,2026-07-13T18:29:27.015658,
1a9db6975ad9eac5,https://kg.linkedin.com/jobs/view/generator-epp-iii-and-hvac-technician-at-general-dynamics-information-technology-4431379565,Generator/EPP III and HVAC Technician,General Dynamics Information Technology,posted,2026-07-13T18:29:37.791427,298
8dae68db9e70aea8,https://kg.linkedin.com/jobs/view/lead-test-automation-engineer-in-python-at-epam-systems-4288859986,Lead Test Automation Engineer in Python,EPAM Systems,posted,2026-07-13T18:29:50.692885,424
8c05531da992be59,https://kg.linkedin.com/jobs/view/g4s-s%C3%B8ger-service-centervagter-i-aalborg-og-hj%C3%B8rring-at-g4s-4439771578,G4S søger Service/centervagter i Aalborg og Hjørring,G4S,posted,2026-07-13T18:30:07.061688,426
63a5be4ce4e2d0c8,https://kg.linkedin.com/jobs/view/senior-python-full-stack-engineer-at-epam-systems-4288586692,Senior Python Full Stack Engineer,EPAM Systems,posted,2026-07-13T18:30:22.685607,428
9940c3bd1f29bce3,https://kg.linkedin.com/jobs/view/senior-go-developer-azure-kubernetes-at-epam-systems-4288876398,"Senior Go Developer (Azure, Kubernetes)",EPAM Systems,posted,2026-07-13T18:30:40.319462,430
2486826546c3a1e0,https://kg.linkedin.com/jobs/view/fastvagt-til-stor-kunde-i-s%C3%B8borg-at-g4s-4439768669,Fastvagt til stor kunde i Søborg,G4S,failed|wp_post_failed,2026-07-13T23:29:31.230919,
f1ee4dd1acb10d40,https://kg.linkedin.com/jobs/view/le-grand-d%C3%A9calage-quand-les-formations-ne-correspondent-plus-aux-besoins-des-entreprises-at-mediadw-4440022766,Le grand décalage : quand les formations ne correspondent plus aux besoins des entreprises,MediaDW,failed|wp_post_failed,2026-07-13T23:30:39.743472,
35df5af15fc4bb9b,https://kg.linkedin.com/jobs/view/remote-yiddish-interpreter-at-language-services-associates-4439463861,Remote Yiddish Interpreter,Language Services Associates,failed|wp_post_failed,2026-07-13T23:30:52.340381,
ca40c9ba44598213,https://kg.linkedin.com/jobs/view/automated-testing-in-java-trainee-at-epam-systems-4424850736,Automated Testing in Java Trainee,EPAM Systems,failed|wp_post_failed,2026-07-13T23:32:04.760211,
4ee5e1306344ced0,https://kg.linkedin.com/jobs/view/senior-golang-developer-relocation-to-bulgaria-at-epam-systems-4384784753,Senior Golang Developer (relocation to Bulgaria),EPAM Systems,failed|wp_post_failed,2026-07-13T23:32:26.634004,
27b0e5434c565ab8,https://kg.linkedin.com/jobs/view/chinese-language-professor-at-center-for-teaching-learning-and-technology-4436671981,Chinese Language Professor,"Center for Teaching, Learning, and Technology",failed|wp_post_failed,2026-07-13T23:32:37.269779,
a96e44727a84a472,https://kg.linkedin.com/jobs/view/montessori-assistant-teacher-at-cadence-education-4439478834,Montessori Assistant Teacher,Cadence Education,failed|wp_post_failed,2026-07-14T07:33:39.999549,
804ad6110c99db14,https://kg.linkedin.com/jobs/view/montessori-preschool-administrative-assistant-at-cadence-education-4439462004,Montessori Preschool Administrative Assistant,Cadence Education,failed|wp_post_failed,2026-07-14T07:33:56.673168,
91d2587d2cf18797,https://kg.linkedin.com/jobs/view/qa-engineer-at-dexcare-4437658248,QA Engineer,DexCare,failed|wp_post_failed,2026-07-14T07:34:13.515946,
8adecc6b5016200b,https://kg.linkedin.com/jobs/view/entry-level-sales-consultant-boston-summer-start-at-the-global-institute-for-health-and-human-rights-4440370472,Entry Level Sales Consultant | Boston | Summer Start,The Global Institute for Health and Human Rights,failed|wp_post_failed,2026-07-14T07:34:34.241439,
499abc29c21642e1,https://kg.linkedin.com/jobs/view/automated-testing-in-net-trainee-at-epam-systems-4424866129,Automated Testing in .NET Trainee,EPAM Systems,failed|wp_post_failed,2026-07-14T07:35:18.908750,
f5b5e4c339851bbf,https://kg.linkedin.com/jobs/view/%D1%80%D0%B5%D0%B3%D0%B8%D0%BE%D0%BD%D0%B0%D0%BB%D1%8C%D0%BD%D1%8B%D0%B9-%D0%BC%D0%B5%D0%BD%D0%B5%D0%B4%D0%B6%D0%B5%D1%80-%D0%B3-%D0%B1%D0%B8%D1%88%D0%BA%D0%B5%D0%BA-at-antal-international-4440015927,"Региональный менеджер, г. Бишкек",,scraped,2026-07-14T07:35:29.551346,
c189d219caa7cf1d,https://kg.linkedin.com/jobs/view/front-end-engineer-lead-at-dexcare-4437650324,Front End Engineer- Lead,DexCare,failed|wp_post_failed,2026-07-14T07:35:49.888184,
3a871cbf7bbd0fe5,https://kg.linkedin.com/jobs/view/senior-application-support-engineer-at-epam-systems-4405538525,Senior Application Support Engineer,EPAM Systems,failed|wp_post_failed,2026-07-14T07:35:57.896325,
5c81edf36206bcd9,https://kg.linkedin.com/jobs/view/join-our-community-at-tripadvisor-4049871776,Join Our Community,Tripadvisor,failed|wp_post_failed,2026-07-14T12:52:14.834228,
1d3967e11020ea0a,https://kg.linkedin.com/jobs/view/packaging-operator-at-ab-inbev-africa-4440036614,Packaging Operator,,scraped,2026-07-14T12:52:43.452005,
411545a1b26f34e5,https://kg.linkedin.com/jobs/view/%D1%81%D0%B8%D1%81%D1%82%D0%B5%D0%BC%D0%BD%D1%8B%D0%B9-%D0%B0%D0%BD%D0%B0%D0%BB%D0%B8%D1%82%D0%B8%D0%BA-1%D1%81-%D0%BC%D0%B8%D0%B4%D0%BB%2B-%D1%81%D0%B5%D0%BD%D1%8C%D0%BE%D1%80-%D0%B5%D0%BA%D0%B0%D1%82%D0%B5%D1%80%D0%B8%D0%BD%D0%B1%D1%83%D1%80%D0%B3-at-nag-4437986218,Системный аналитик 1С (Мидл+; Сеньор) Екатеринбург,,scraped,2026-07-14T12:52:50.010513,
3672be08495c227e,https://kg.linkedin.com/jobs/view/media-intelligence-analyst-m-f-d-at-pressrelations%E5%8D%9A%E4%BF%A1%E7%9D%BF%E6%80%9D-4439182829,Media Intelligence Analyst (m/f/d),,scraped,2026-07-14T12:53:08.364808,
a9ee253d817a4a53,https://kg.linkedin.com/jobs/view/lead-ai-workplace-solutions-engineer-at-epam-systems-4423630713,Lead AI Workplace Solutions Engineer,EPAM Systems,failed|wp_post_failed,2026-07-14T12:54:06.432070,
141119792378ba90,https://kg.linkedin.com/jobs/view/net-trainee-at-epam-systems-4437667704,.NET Trainee,EPAM Systems,failed|wp_post_failed,2026-07-14T12:54:22.902183,
7a6b168319800b94,https://kg.linkedin.com/jobs/view/cloud-native-python-engineer-with-ai-integration-focus-at-epam-systems-4288593184,Cloud Native Python Engineer with AI Integration Focus,EPAM Systems,failed|wp_post_failed,2026-07-14T12:54:56.701411,
6afa9fda9c889ff5,https://kg.linkedin.com/jobs/view/data-analytics-engineering-trainee-at-epam-systems-4437685028,Data Analytics Engineering Trainee,EPAM Systems,failed|wp_post_failed,2026-07-14T12:55:23.449990,
664e966c35ce2765,https://kg.linkedin.com/jobs/view/data-analytics-engineering-trainee-at-epam-systems-4437685030,Data Analytics Engineering Trainee,EPAM Systems,failed|wp_post_failed,2026-07-14T12:55:40.273814,
5a8ab88a0c0b49f1,https://kg.linkedin.com/jobs/view/entry-level-recruitment-consultant-tampa-at-the-global-institute-for-health-and-human-rights-4440361748,Entry Level Recruitment Consultant | Tampa,The Global Institute for Health and Human Rights,posted,2026-07-14T17:55:18.008302,432
039f633e2bc3f79d,https://kg.linkedin.com/jobs/view/kock-at-g%C3%B6teborgsfamiljen-4440805023,Kock,,scraped,2026-07-14T17:55:20.567117,
dfd4c7b239c42ea1,https://kg.linkedin.com/jobs/view/%D0%BF%D0%BE%D0%B4%D0%B3%D0%BE%D1%82%D0%BE%D0%B2%D1%89%D0%B8%D0%BA-at-%D1%85%D0%BE%D0%BB%D0%B4%D0%B8%D0%BD%D0%B3-%D0%B0%D1%82%D0%BB%D0%B0%D0%BD%D1%82-%D0%BC-4440561612,Подготовщик,,scraped,2026-07-14T17:55:31.338396,
939f5509e1ae63f3,https://kg.linkedin.com/jobs/view/crane-operator-permanent-jobs-1229-at-mypetrocareer-com-4437679405,"Crane Operator (Permanent), Jobs, 1229",MyPetroCareer.com,posted,2026-07-14T17:56:13.733270,434
c809c3eed78b62c9,https://kg.linkedin.com/jobs/view/%D0%B0%D1%80%D0%BC%D0%B0%D1%82%D1%83%D1%80%D1%89%D0%B8%D0%BA-at-%D1%85%D0%BE%D0%BB%D0%B4%D0%B8%D0%BD%D0%B3-%D0%B0%D1%82%D0%BB%D0%B0%D0%BD%D1%82-%D0%BC-4440550943,Арматурщик,,scraped,2026-07-14T17:56:16.205760,
8daf9377b12a1abe,https://kg.linkedin.com/jobs/view/call-for-technical-experts-proposal-writers-consultants-at-plan-international-at-scholarship-avenue-4439843590,Call for Technical Experts/Proposal Writers (Consultants) at Plan International,,scraped,2026-07-14T17:56:29.347686,
bd5d3ea93fc3adea,https://kg.linkedin.com/jobs/view/international-audio-video-remote-chuukese-interpreters-at-language-services-associates-4312890218,International Audio/Video Remote Chuukese Interpreters,Language Services Associates,posted,2026-07-14T17:57:01.139674,436
52eecfcebc97e164,https://kg.linkedin.com/jobs/view/%D1%81%D0%B8%D1%81%D1%82%D0%B5%D0%BC%D0%BD%D1%8B%D0%B9-%D0%B0%D0%B4%D0%BC%D0%B8%D0%BD%D0%B8%D1%81%D1%82%D1%80%D0%B0%D1%82%D0%BE%D1%80-at-%D1%85%D0%BE%D0%BB%D0%B4%D0%B8%D0%BD%D0%B3-%D0%B0%D1%82%D0%BB%D0%B0%D0%BD%D1%82-%D0%BC-4439093248,Системный администратор,,scraped,2026-07-14T17:57:11.638700,
6ef1c0b6e8120764,https://kg.linkedin.com/jobs/view/international-audio-video-remote-malay-interpreter-at-language-services-associates-4320004525,International Audio/Video Remote Malay Interpreter,Language Services Associates,posted,2026-07-14T17:57:31.967588,438
2a404a4271b1d973,https://kg.linkedin.com/jobs/view/futuraskolan-international-kottla-musikl%C3%A4rare-%C3%A5k-7-9-at-futuraskolan-international-bergtorp-4439851359,Futuraskolan International Kottla - Musiklärare ÅK 7-9,,scraped,2026-07-14T17:57:42.605482,
268dbec67abdabee,https://kg.linkedin.com/jobs/view/net-trainee-at-epam-systems-4437666690,.NET Trainee,EPAM Systems,posted,2026-07-14T17:58:06.337244,440
98101f9fd0f0adcd,https://kg.linkedin.com/jobs/view/automated-testing-in-net-trainee-at-epam-systems-4424863587,Automated Testing in .NET Trainee,EPAM Systems,posted,2026-07-14T17:58:25.773068,402
28eceedee19ca983,https://kg.linkedin.com/jobs/view/senior-liability-examiner-hybrid-anywhere-in-canada-at-international-programs-group-4437087841,Senior Liability Examiner-Hybrid (Anywhere in Canada),,scraped,2026-07-14T21:39:50.948591,
6f10d6132f6cc5ff,https://kg.linkedin.com/jobs/view/alt-und-im-krieg-verlassen-mittlerer-osten-%E2%80%A2-gesundheitswesen-und-ern%C3%A4hrung-at-coworkers-4438012851,Alt und im Krieg verlassen - Mittlerer Osten • Gesundheitswesen und Ernährung,,scraped,2026-07-14T21:39:59.641700,
6e968ea94967c4c5,https://kg.linkedin.com/jobs/view/it-help-desk-customer-support-technician-ts-sci-with-polygraph-at-general-dynamics-information-technology-4336453076,IT Help Desk / Customer Support Technician - TS/SCI with Polygraph,General Dynamics Information Technology,posted,2026-07-14T21:41:11.072429,442
c2a660b007b57e4e,https://kg.linkedin.com/jobs/view/ai-security-architect-%E2%80%94-data-security-dspm-at-epam-systems-4437672818,AI Security Architect — Data Security & DSPM,EPAM Systems,posted,2026-07-14T21:41:40.486556,444
56861b3d87a5505c,https://kg.linkedin.com/jobs/view/senior-sap-fico-treasury-consultant-at-epam-systems-4289626415,Senior SAP FICO Treasury Consultant,EPAM Systems,posted,2026-07-14T21:41:49.920722,446
9195a0ad6fdc34be,https://kg.linkedin.com/jobs/view/soziale-arbeit-mit-schwerpunkt-sport-naher-osten-%E2%80%A2-sozialwesen-at-coworkers-4438016748,Soziale Arbeit mit Schwerpunkt Sport - Naher Osten • Sozialwesen,,scraped,2026-07-14T21:42:14.446110,
7cf6e0c2056e2a60,https://kg.linkedin.com/jobs/view/senior-test-automation-engineer-with-javascript-at-epam-systems-4288885872,Senior Test Automation Engineer with JavaScript,EPAM Systems,posted,2026-07-14T21:42:50.616919,448
a0754f785b6ace43,https://kg.linkedin.com/jobs/view/%D1%80%D1%83%D0%BA%D0%BE%D0%B2%D0%BE%D0%B4%D0%B8%D1%82%D0%B5%D0%BB%D1%8C-%D0%BC%D0%B0%D1%80%D0%BA%D0%B5%D1%82%D0%B8%D0%BD%D0%B3%D0%B0-at-antal-international-4440391865,Руководитель маркетинга,,scraped,2026-07-15T06:38:30.837305,
5986a681bd7a2e62,https://kg.linkedin.com/jobs/view/azure-cloud-native-developer-at-epam-systems-4288590749,Azure Cloud Native Developer,EPAM Systems,posted,2026-07-15T06:39:39.824431,450
ca1e41a80298da0b,https://kg.linkedin.com/jobs/view/international-audio-video-remote-bengali-bangla-interpreter-at-language-services-associates-4439933160,International Audio/Video Remote Bengali-Bangla Interpreter,Language Services Associates,posted,2026-07-15T06:40:28.415096,452
233ee79f93a53839,https://kg.linkedin.com/jobs/view/field-service-representative-at-general-dynamics-information-technology-4412388048,Field Service Representative,General Dynamics Information Technology,posted,2026-07-15T12:58:55.174381,454
f6cf0aaa19798ee8,https://kg.linkedin.com/jobs/view/lead-montessori-teacher-at-cadence-education-4439478834,Lead Montessori Teacher,Cadence Education,posted,2026-07-15T12:59:22.205812,456
4e77c3ff31cd8bf4,https://kg.linkedin.com/jobs/view/vi-s%C3%B6ker-en-skolbibliotekarie-50%25-till-futuraskolan-international-kottla%21-at-futuraskolan-international-bergtorp-4439995990,Vi söker en skolbibliotekarie (50%) till Futuraskolan International Kottla!,,scraped,2026-07-15T12:59:58.880660,
d69d887336b86a8d,https://kg.linkedin.com/jobs/view/sr-analyst-finance-operations-at-glovo-4440202784,Sr. Analyst Finance Operations,,scraped,2026-07-15T13:00:07.771415,
a21949aee4535fe4,https://kg.linkedin.com/jobs/view/international-audio-video-remote-uzbek-interpreter-at-language-services-associates-4439926504,International Audio/Video Remote Uzbek Interpreter,Language Services Associates,posted,2026-07-15T13:00:49.318916,458
f92f5f708d5e337b,https://kg.linkedin.com/jobs/view/net-trainee-at-epam-systems-4437661860,.NET Trainee,EPAM Systems,posted,2026-07-15T13:00:56.240556,440
03fa7a5d02d16f78,https://kg.linkedin.com/jobs/view/net-trainee-at-epam-systems-4437659923,.NET Trainee,EPAM Systems,posted,2026-07-15T13:01:19.092111,440
93b021a9c22070e2,https://kg.linkedin.com/jobs/view/senior-gcp-devops-engineer-at-epam-systems-4288591613,Senior GCP DevOps Engineer,EPAM Systems,posted,2026-07-15T13:01:36.385148,460
c59d1ab54569dec5,https://kg.linkedin.com/jobs/view/network-engineer-senior-at-general-dynamics-information-technology-4432495820,Network Engineer Senior,General Dynamics Information Technology,posted,2026-07-15T13:01:58.986399,462
daaf77fdb68b8aea,https://kg.linkedin.com/jobs/view/senior-python-engineer-with-spark-at-epam-systems-4289641689,Senior Python Engineer with Spark,EPAM Systems,posted,2026-07-15T13:02:25.916141,464
6524718c54e4dc3f,https://kg.linkedin.com/jobs/view/lead-scala-developer-at-epam-systems-4289648430,Lead Scala Developer,EPAM Systems,posted,2026-07-15T13:02:48.850888,466
